net_income,op_profit_loss,trans_rev_pax,prop_freight,prop_bag,res_cancel_fees,misc_op_rev,trans_revenue,op_revenues,flying_ops,maintenance,pax_service,aircft_services,general_admin,deprec_amort,trans_expenses,op_expenses,income_pre_tax,airline_id,unique_carrier,unique_carrier_name,carrier_name,unique_carrier_entity,region,year,quarter
-118206.44,-118206.44,349171.57,39117.94,23019.05,13693.31,52462.91,14415.61,499147.14,233281.21,81559.82,60146.74,76754.05,92836.44,36660.86,2467.32,617353.57,-118206.44,19805,AA,American Airlines Inc.,American Airlines Inc.,10052,P,2019,4
-93340.74,-93340.74,353775.14,40447.58,22764.85,13587.64,47227.81,13705.23,497413.84,230806.4,71187.77,59362.32,73351.51,89469.49,32690.4,2596.23,590754.58,-93340.74,19805,AA,American Airlines Inc.,American Airlines Inc.,10052,P,2019,2
-89835.61,-89835.61,367131.72,36532.38,21407.85,12992.93,44536.16,12365.22,500364.57,225560.21,70772.18,58587.11,71640.42,97317.09,32200.12,2555.03,590200.17,-89835.61,19805,AA,American Airlines Inc.,American Airlines Inc.,10052,P,2019,3
-89518.95,-89518.95,673246.69,81023.1,33029.94,21391.79,73039.93,20062.9,915071.39,400842.02,124077.63,97056.23,121067.95,150560.76,56026.44,3882.04,1004590.34,-89518.95,19805,AA,American Airlines Inc.,American Airlines Inc.,10049,A,2019,1
-83894.23,-83894.23,947115.41,82993.04,48200.25,29498.8,109586.02,30065.65,1262688.06,521143.49,175548.7,129407.54,165144.29,199286.63,78848.37,5340.71,1346582.29,-83894.23,19805,AA,American Airlines Inc.,American Airlines Inc.,10049,A,2019,4
-79097.15,-79097.15,387789.23,40848.76,24159.58,15762.59,53660.62,14797.6,543736.24,237272.71,79270.74,62044.02,77397.26,95893.86,35870.21,2469.38,622833.39,-79097.15,19805,AA,American Airlines Inc.,American Airlines Inc.,10052,P,2019,1
-70317.11,-78662.88,1051126.01,107326.22,5931.28,20349.99,417.32,58118.22,1265503.84,521924.54,94686.33,170789.24,168228.55,152895.17,111684.52,26312.62,1344166.71,-94316.44,19977,UA,United Air Lines Inc.,United Air Lines Inc.,10877,P,2019,4
-26889.75,-755,1048333.37,91881.6,37871.07,23620.95,274.26,60567.87,1280582.47,513419.63,93374.61,176228.52,178752.35,102519.34,105497.51,22734.05,1281337.46,-42368.03,19977,UA,United Air Lines Inc.,United Air Lines Inc.,10877,P,2019,1
-22249.5,-21522.05,165805.76,0,0,0,0,0,165805.76,81088.67,69004.18,18790.32,1003.15,14722.06,2719.43,0,187327.81,-22249.5,20363,9E,Endeavor Air Inc.,Endeavor Air Inc.,07024,D,2019,4
-19378.28,-20393.18,202536.51,0,0,0,-0.21,0,202536.3,124348.34,47718.41,17748.27,9593.37,17752.52,5768.58,0,222929.49,-21380.03,20397,OH,PSA Airlines Inc.,PSA Airlines Inc.,07028,D,2019,4
-18919.86,-16705.31,67746.54,0,0,0,0,23.24,67769.77,45251.47,22893.79,3806.15,1091.75,5879.02,5535.02,17.88,84475.08,-18645.56,20046,ZW,Air Wisconsin Airlines Corp,Air Wisconsin Airlines Corp,06024,D,2019,3
-17935.87,-17374.11,154469.24,0,0,0,0,0,154469.24,79698.48,57096.91,18408.56,761.04,14168.92,1709.43,0,171843.35,-17935.87,20363,9E,Endeavor Air Inc.,Endeavor Air Inc.,07024,D,2019,1
-16631.65,-16036.42,161108.43,0,0,0,0,0,161108.43,78910.43,60468.42,19227.75,1170.55,14818.94,2548.74,0,177144.85,-16656.49,20363,9E,Endeavor Air Inc.,Endeavor Air Inc.,07024,D,2019,3
-8880.92,-11915.7,343923.92,0,0,0,78.93,22.45,344025.3,124602.15,71524.56,17279.35,81816.76,55185.37,5387.25,13.48,355941,-11691.44,20398,MQ,Envoy Air,Envoy Air,06820,D,2019,3
-8569.87,614.74,345850.48,0,0,0,76.21,22.47,345949.16,122299.47,71699.23,15205.88,80330.88,49821.59,5878.89,20.49,345334.42,696.6,20398,MQ,Envoy Air,Envoy Air,06820,D,2019,4
-8411.95,-8082.28,164853.74,0,0,0,0,0,164853.74,75450,64076.95,17298.41,912.25,13437.08,1761.34,0,172936.02,-8411.95,20363,9E,Endeavor Air Inc.,Endeavor Air Inc.,07024,D,2019,2
-5585.69,-6840.88,61498.81,0,0,0,0,40.72,61539.52,29765.64,22822.2,3701.34,1108.22,6176.11,4768.48,38.43,68380.4,-5491.46,20046,ZW,Air Wisconsin Airlines Corp,Air Wisconsin Airlines Corp,06024,D,2019,1
-5483.67,-6365.85,204403.78,0,0,0,0.68,0,204404.47,116646.16,46218.39,16521.56,8164.93,17857.22,5362.05,0,210770.32,-7210.86,20397,OH,PSA Airlines Inc.,PSA Airlines Inc.,07028,D,2019,3
-5105,-4185,83009,-90,4388,3196,0,0,90677,40018,10139,9427,15770,8087,5091,0,94861,-4881,19930,AS,Alaska Airlines Inc.,Alaska Airlines Inc.,16031,L,2019,1
-5076.31,-5083.02,51547.41,0,0,0,0,7.86,51555.27,15403.41,26149.05,6456.64,4144.64,3980.76,479.06,0,56638.29,-5076.31,21167,CP (2),Compass Airlines,Compass Airlines,01131,D,2019,4
-5050.56,778.32,152121.56,5290.26,6679.95,1804.4,1708.73,10871.95,178587.18,69025.77,20477.64,20195.7,23846.34,18258.95,9728.24,1214.06,177808.86,-552.74,19690,HA,Hawaiian Airlines Inc.,Hawaiian Airlines Inc.,15375,P,2019,1
-2917.99,-2955.19,57839.52,0,0,0,0,4.31,57843.83,19860.35,23540.05,7848.99,4967.9,4084.05,472.96,0,60799.02,-2917.99,21167,CP (2),Compass Airlines,Compass Airlines,01131,D,2019,1
-2697.63,-2483.46,67059.53,0,0,0,0,21.56,67081.09,30615.67,23395.64,3843.6,1046.19,5574.98,5063.56,24.91,69564.55,-2652.12,20046,ZW,Air Wisconsin Airlines Corp,Air Wisconsin Airlines Corp,06024,D,2019,2
-1747.48,-1735.18,0,0,0,0,267.49,0,4743.77,1692.57,2552.24,578.75,494.33,790.91,329.72,0,6478.95,-1747.48,20310,WL,"Caribbean Sun Airlines, Inc. d/b/a World Atlantic Airlines","Caribbean Sun Airlines, Inc. d/b/a World Atlantic",06076,D,2019,3
-1470.6,34060,1082993.88,90162.58,5708.37,22085.97,23.94,58254.24,1279412.55,497494.93,85545.27,161287.83,160152.47,123128.17,101383.52,23193.61,1245352.55,-3337.26,19977,UA,United Air Lines Inc.,United Air Lines Inc.,10877,P,2019,3
-1164.99,-1156.79,0,0,0,0,178.32,0,3162.51,1128.38,1701.49,385.84,329.55,527.27,219.81,0,4319.3,-1164.99,20310,WL,"Caribbean Sun Airlines, Inc. d/b/a World Atlantic Airlines","Caribbean Sun Airlines, Inc. d/b/a World Atlantic",16076,I,2019,3
-937.54,-937.54,0,0,0,0,0,0,22.88,378.26,112.07,0,0,0,0,0,960.42,-937.54,20207,XP,TEM Enterprises dba  Avelo Airlines,XTRA Airways,06144,D,2019,1
-778.79,-186.22,16194.33,0,1928.26,166.72,12.06,237.73,22211.57,9476.86,1584.96,1357.04,4304.94,3087.17,1067.66,100.34,22397.79,-778.79,20422,SY,Sun Country Airlines d/b/a MN Airlines,Sun Country Airlines d/b/a MN Airlines,16795,L,2019,2
-662.16,-662.16,0,0,0,0,0,0,332.54,338.84,118.3,0,0,0,0,0,994.7,-662.16,20207,XP,TEM Enterprises dba  Avelo Airlines,XTRA Airways,06144,D,2019,2
-604.3,9247.06,151749.95,5364.87,6905.88,1738.51,2073.45,10991.52,180328,68862.63,15701.6,19363.35,22959.44,19422.85,9350.29,1148.3,171080.94,6394.77,19690,HA,Hawaiian Airlines Inc.,Hawaiian Airlines Inc.,15375,P,2019,2
-560.07,-560.07,0,0,0,0,0,0,544.04,356.08,161.75,0,0,0,0,0,1104.11,-560.07,20207,XP,TEM Enterprises dba  Avelo Airlines,XTRA Airways,06144,D,2019,3
-487.37,-487.37,0,0,0,0,0,0,773.22,347.65,252.46,0,0,0,0,0,1260.59,-487.37,20207,XP,TEM Enterprises dba  Avelo Airlines,XTRA Airways,06144,D,2019,4
-234.58,-227.23,2020.23,0,0,0,0,0,2020.23,1042.34,746.74,240.76,9.95,185.31,22.36,0,2247.46,-234.58,20363,9E,Endeavor Air Inc.,Endeavor Air Inc.,11027,L,2019,1
-223,10802,109379,4,0,0,169,0,109552,18728,25154,7575,6815,21100,19377,0,98750,4701,19687,QX,Horizon Air,Horizon Air,06580,D,2019,4
-218.49,-293.15,8461.29,0,0,0,1.94,0.55,8463.78,3065.49,1759.66,425.11,2012.87,1357.68,132.54,0.33,8756.93,-287.64,20398,MQ,Envoy Air,Envoy Air,16820,L,2019,3
-201.09,14.43,8115.15,0,0,0,1.79,0.53,8117.47,2869.68,1682.38,356.8,1884.91,1169.03,137.94,0.48,8103.05,16.35,20398,MQ,Envoy Air,Envoy Air,16820,L,2019,4
-156.84,-151.23,1519.29,0,0,0,0,0,1519.29,744.14,570.23,181.32,11.04,139.75,24.04,0,1670.52,-157.07,20363,9E,Endeavor Air Inc.,Endeavor Air Inc.,11027,L,2019,3
-143.24,-138.56,1067.44,0,0,0,0,0,1067.44,522.04,444.24,120.97,6.46,94.78,17.51,0,1206,-143.24,20363,9E,Endeavor Air Inc.,Endeavor Air Inc.,11027,L,2019,4
-118.37,-113.73,2319.73,0,0,0,0,0,2319.73,1061.69,901.66,243.41,12.84,189.08,24.79,0,2433.46,-118.37,20363,9E,Endeavor Air Inc.,Endeavor Air Inc.,11027,L,2019,2
-104.85,56.66,0,0,0,0,451.26,0,4806.03,1413.32,1670.62,295.83,441.44,628.03,248.51,0,4749.37,-104.85,20310,WL,"Caribbean Sun Airlines, Inc. d/b/a World Atlantic Airlines","Caribbean Sun Airlines, Inc. d/b/a World Atlantic",06076,D,2019,1
-89.32,48.26,0,0,0,0,384.4,0,4094.03,1203.94,1423.12,252.01,376.04,534.99,211.69,0,4045.76,-89.32,20310,WL,"Caribbean Sun Airlines, Inc. d/b/a World Atlantic Airlines","Caribbean Sun Airlines, Inc. d/b/a World Atlantic",16076,I,2019,1
-34.95,-34.99,354.85,0,0,0,0,0.05,354.91,106.04,180.01,44.45,28.53,27.4,3.3,0,389.9,-34.95,21167,CP (2),Compass Airlines,Compass Airlines,11015,L,2019,4
-20.37,-20.63,403.74,0,0,0,0,0.03,403.77,138.63,164.32,54.79,34.68,28.51,3.3,0,424.4,-20.37,21167,CP (2),Compass Airlines,Compass Airlines,11015,L,2019,1
-0.45,-0.65,40.52,0,0,0,0,0,40.52,22.89,8.31,3.55,1.89,3.51,1.01,0,41.17,-0.85,20397,OH,PSA Airlines Inc.,PSA Airlines Inc.,11030,L,2019,4
0,0,0,0,0,0,0,0,0,0,0,0,0,0,0,0,0,0,19687,QX,Horizon Air,Horizon Air,11023,L,2019,2
0,0,0,0,0,0,0,0,0,0,0,0,0,0,0,0,0,0,19687,QX,Horizon Air,Horizon Air,11023,L,2019,4
0,0,0,0,0,0,0,0,0,0,0,0,0,0,0,0,0,0,19687,QX,Horizon Air,Horizon Air,11023,L,2019,1
0,0,0,0,0,0,0,0,0,0,0,0,0,0,0,0,0,0,19687,QX,Horizon Air,Horizon Air,11023,L,2019,3
0.7,0.51,376.89,0,0,0,0,0.02,376.91,120.03,145.7,49.01,31.28,27.11,3.11,0,376.4,0.7,21167,CP (2),Compass Airlines,Compass Airlines,11015,L,2019,2
2.31,2.83,40.89,0,0,0,0,0,40.89,20.87,7.8,3.31,1.61,3.54,0.94,0,38.06,2.66,20397,OH,PSA Airlines Inc.,PSA Airlines Inc.,11030,L,2019,3
7.49,7.42,365.2,0,0,0,0,0.02,365.21,102.76,155.98,47.48,28,20.5,2.92,0,357.79,7.49,21167,CP (2),Compass Airlines,Compass Airlines,11015,L,2019,3
14.07,13.57,83.72,0,0,0,0,0,83.72,40.45,12.29,6.55,2.91,6.25,1.69,0,70.15,13.36,20397,OH,PSA Airlines Inc.,PSA Airlines Inc.,11030,L,2019,2
15.46,14.68,79.02,0,0,0,0,0,79.02,36.39,13.25,5.17,2.64,5.39,1.5,0,64.34,14.45,20397,OH,PSA Airlines Inc.,PSA Airlines Inc.,11030,L,2019,1
63.26,2374.85,13913.56,0,0,0,0,0,13913.56,4160.54,4285.64,665.29,72.04,860.48,1494.66,0,11538.7,1384.91,20378,YV,Mesa Airlines Inc.,Mesa Airlines Inc.,11022,L,2019,3
106.44,78.18,57574.09,0,0,0,0,3.55,57577.64,18336.18,22257.01,7486.03,4778.88,4141.59,475.03,0,57499.45,106.44,21167,CP (2),Compass Airlines,Compass Airlines,01131,D,2019,2
157.16,257.3,3752.71,0,0,0,0,25.39,3778.1,1947.4,810.9,299.69,97.85,173.78,189.87,0,3520.8,239.75,20304,OO,SkyWest Airlines Inc.,SkyWest Airlines Inc.,11025,L,2019,4
191.3,249.15,7331.85,0,0,0,2.39,0.54,7334.78,2520,1401.81,332.42,1697.39,1017.17,114.9,0.17,7085.63,252.19,20398,MQ,Envoy Air,Envoy Air,16820,L,2019,1
195.2,273.55,3828.52,0,0,0,0,26.15,3854.67,2115.37,759.31,305.45,104.93,186.61,107.98,0,3581.12,274.87,20304,OO,SkyWest Airlines Inc.,SkyWest Airlines Inc.,11025,L,2019,3
209.96,225.65,0,0,0,213.4,693.01,0,5567.71,1769.31,1852.65,371.18,488.51,552.89,193.07,0,5342.07,209.96,20310,WL,"Caribbean Sun Airlines, Inc. d/b/a World Atlantic Airlines","Caribbean Sun Airlines, Inc. d/b/a World Atlantic",16076,I,2019,2
214.94,282.44,8005.18,0,0,0,3.21,0.52,8008.91,2709.36,1644.54,354.01,1789.9,1103.8,121.37,0.34,7726.47,284.98,20398,MQ,Envoy Air,Envoy Air,16820,L,2019,2
259.55,390.89,4699.93,0,0,0,0,30.28,4730.21,2560.09,893.3,370.88,138.01,230.01,144.82,0,4339.32,380.67,20304,OO,SkyWest Airlines Inc.,SkyWest Airlines Inc.,11025,L,2019,2
285.33,353.7,4302.17,0,0,0,0,41.61,4343.78,2419.85,754.07,339.23,139.89,216.59,118.38,0,3990.08,351.84,20304,OO,SkyWest Airlines Inc.,SkyWest Airlines Inc.,11025,L,2019,1
288.92,692.45,10290.14,0,1514.42,183.64,8.9,97.99,15564.87,6121.94,1166.4,1092.08,3753.15,1124.96,718.43,69.14,14872.42,288.92,20422,SY,Sun Country Airlines d/b/a MN Airlines,Sun Country Airlines d/b/a MN Airlines,16795,L,2019,3
289.95,311.6,0,0,0,294.7,957.01,0,7688.75,2443.33,2558.43,512.58,674.61,763.52,266.62,0,7377.14,289.95,20310,WL,"Caribbean Sun Airlines, Inc. d/b/a World Atlantic Airlines","Caribbean Sun Airlines, Inc. d/b/a World Atlantic",06076,D,2019,2
479.48,932.95,8259.25,0,0,0,191.57,0,8450.82,2133.33,2542.49,652.03,96.85,779.27,1313.9,0,7517.87,609.46,20452,YX,Republic Airline,Republic Airline,11029,L,2019,4
517.28,930.96,9032.64,0,863.45,117.18,5.71,69.89,14829.27,5737.54,1640.56,967.4,2525.07,1351.38,790.43,61.33,13898.31,517.28,20422,SY,Sun Country Airlines d/b/a MN Airlines,Sun Country Airlines d/b/a MN Airlines,16795,L,2019,4
549.9,1089.28,8663.55,0,0,0,127.14,0,8790.7,2244.24,2665.47,695.68,96.52,594.93,1404.58,0,7701.41,738.68,20452,YX,Republic Airline,Republic Airline,11029,L,2019,3
615.8,1386.63,12435.94,0,0,0,158.14,0,12594.07,3443.21,3634.53,1025.36,163.53,909.92,2030.89,0,11207.45,829.32,20452,YX,Republic Airline,Republic Airline,11029,L,2019,1
633.7,1277.61,9681.1,0,0,0,121.79,0,9802.89,2496.05,2902.42,810.75,111.37,694.15,1510.54,0,8525.28,851.7,20452,YX,Republic Airline,Republic Airline,11029,L,2019,2
894.63,30488.91,173916.79,0,0,0,0,0,173916.79,50033.61,54546.16,8149.4,922.23,11016.32,18759.5,0,143427.87,17815.13,20378,YV,Mesa Airlines Inc.,Mesa Airlines Inc.,06689,D,2019,3
1068.27,2075.14,14287.86,0,0,0,0,0,14287.86,4087.82,4708.63,706.8,82.22,1041.96,1585.24,0,12212.72,1068.27,20378,YV,Mesa Airlines Inc.,Mesa Airlines Inc.,11022,L,2019,4
1100.28,2056.2,12789.3,0,0,0,0,0,12789.3,3837.25,3917.99,621.19,68.91,861.82,1425.95,0,10733.1,1100.28,20378,YV,Mesa Airlines Inc.,Mesa Airlines Inc.,11022,L,2019,2
1230.97,1219.53,59998.6,0,0,0,0,2.77,60001.37,16882.81,25626.68,7799.87,4600.09,3367.69,479.94,0,58781.84,1230.97,21167,CP (2),Compass Airlines,Compass Airlines,01131,D,2019,3
1476.24,2900.51,14678.25,0,0,0,0,0,14678.25,4247.65,4003.4,699.39,88.09,1129.44,1609.77,0,11777.74,1476.24,20378,YV,Mesa Airlines Inc.,Mesa Airlines Inc.,11022,L,2019,1
1605.86,1182.65,0,0,0,479.15,655.88,0,3429.29,841.68,997.82,206.16,349.29,495.55,-661.24,0,2246.65,1605.86,20310,WL,"Caribbean Sun Airlines, Inc. d/b/a World Atlantic Airlines","Caribbean Sun Airlines, Inc. d/b/a World Atlantic",16076,I,2019,4
1962.71,1445.46,0,0,0,585.63,801.64,0,4191.36,1028.72,1219.56,251.97,426.91,605.67,-808.18,0,2745.9,1962.71,20310,WL,"Caribbean Sun Airlines, Inc. d/b/a World Atlantic Airlines","Caribbean Sun Airlines, Inc. d/b/a World Atlantic",06076,D,2019,4
2396.84,3221.21,67190.2,0,0,0,0,24.79,67215,25750.53,22361.49,3636.84,1170.45,5488.95,5570.1,15.43,63993.78,2356.5,20046,ZW,Air Wisconsin Airlines Corp,Air Wisconsin Airlines Corp,06024,D,2019,4
3683.87,9783.25,91268.6,196.4,17278.7,2095.23,751.58,1126.1,155912.67,67234.71,12980.93,8929.7,24544.43,13561.27,8647.37,876.86,146129.43,4926.2,20422,SY,Sun Country Airlines d/b/a MN Airlines,Sun Country Airlines d/b/a MN Airlines,06795,D,2019,3
4071,5580,81512,180,3963,2020,0,0,87989,34732,7472,8440,13904,8003,4383,0,82409,5373,19930,AS,Alaska Airlines Inc.,Alaska Airlines Inc.,16031,L,2019,4
4269.34,16891.76,167434.86,0,0,0,0,0,167434.86,60352.33,51830.59,7895.97,909.93,11379.89,18174.4,0,150543.1,4269.34,20378,YV,Mesa Airlines Inc.,Mesa Airlines Inc.,06689,D,2019,2
4490.9,9725.6,88206.36,195.24,15812.86,1367.18,758.54,1961.15,147162.89,60450.4,9438.62,7657.3,20141.02,21467.26,7415.27,750.86,137437.29,5610.03,20422,SY,Sun Country Airlines d/b/a MN Airlines,Sun Country Airlines d/b/a MN Airlines,06795,D,2019,2
4501.51,10674.87,83117.93,80.71,16482.4,2236.84,874.21,1339.24,149033.55,58016.69,15350.67,8009.29,23038.16,14952.62,8715.33,789.86,138358.68,6113.63,20422,SY,Sun Country Airlines d/b/a MN Airlines,Sun Country Airlines d/b/a MN Airlines,06795,D,2019,4
5354.75,7639.17,209215.06,0,0,0,0.82,0,209215.88,114075.57,43146.21,16373.24,7351.98,15721.82,4907.89,0,201576.71,7113.82,20397,OH,PSA Airlines Inc.,PSA Airlines Inc.,07028,D,2019,2
5470.34,11666.54,165716.89,5652.63,6366.12,1769.06,1989.54,11169.71,192812.35,69818.96,21726.72,20629.26,23358.39,18665.53,9707.67,1347.59,181145.82,11208.96,19690,HA,Hawaiian Airlines Inc.,Hawaiian Airlines Inc.,15375,P,2019,4
6007,7901,56786,-180,3097,1593,0,0,61428,22664,5010,5480,9411,4589,2803,0,53527,7738,19930,AS,Alaska Airlines Inc.,Alaska Airlines Inc.,16031,L,2019,3
6159,8867,72463,-118,3760,2304,0,0,78528,30923,6685,7086,10380,5953,3712,0,69661,8260,19930,AS,Alaska Airlines Inc.,Alaska Airlines Inc.,16031,L,2019,2
6729.12,10536.53,56629.65,0,21127.56,1716.46,23003.61,218.25,102695.53,46935.96,5817.33,5329.54,7929.02,15773.76,6087.12,0,92159,8649.73,20416,NK,Spirit Air Lines,Spirit Air Lines,16831,L,2019,1
7541.68,9635.81,20019.14,0,2947.43,278.28,551,4015.32,27811.18,13684.69,812.74,1014.84,2521.69,-306.99,143.53,0,18175.36,9721.03,20436,F9,Frontier Airlines Inc.,Frontier Airlines Inc.,16461,L,2019,4
7614,16948,111489,4,0,0,269,0,111762,17811,26894,6945,5967,17432,19765,0,94814,10116,19687,QX,Horizon Air,Horizon Air,06580,D,2019,2
7929.68,11041.38,197469.48,0,0,0,0.69,0,197470.17,104288.82,44590.5,12916.03,6656.22,13544.9,4432.32,0,186428.79,10455.49,20397,OH,PSA Airlines Inc.,PSA Airlines Inc.,07028,D,2019,1
8411.18,10954.72,322367.52,0,0.2,0,104.99,23.51,322496.21,110799.61,61634.92,14615.87,74630.81,44722.86,5051.91,7.38,311541.49,11088.11,20398,MQ,Envoy Air,Envoy Air,06820,D,2019,1
8446.3,12960.89,54458.11,0,20458.95,1602.03,24151.94,189.88,100860.9,44044.44,6262.96,5000.57,7727.29,14443.79,6438.94,0,87900.01,11103.37,20416,NK,Spirit Air Lines,Spirit Air Lines,16831,L,2019,4
9150.01,12023.45,340786.14,0,0,0,136.65,22.23,340945.02,115339.46,70009.27,15070.6,76197.38,46989.63,5166.91,14.45,328921.58,12131.66,20398,MQ,Envoy Air,Envoy Air,06820,D,2019,2
9347.96,13964.37,61840.2,0,21400.07,1904.65,25747.82,207.63,111100.37,47619.82,6171.85,5574.59,8314.6,18605.48,6463.87,0,97136,12209.4,20416,NK,Spirit Air Lines,Spirit Air Lines,16831,L,2019,3
9386,19891,116523,4,0,0,355,0,116881,18631,24240,7603,7088,15664,23764,0,96991,12161,19687,QX,Horizon Air,Horizon Air,06580,D,2019,1
9416,18657,112537,4,0,0,233,0,112774,18687,25714,7204,5597,17686,19230,0,94117,11910,19687,QX,Horizon Air,Horizon Air,06580,D,2019,3
9913.23,10756.23,46646.87,0,3704.98,260.68,21.92,1043.67,55483.9,19432.26,4278.81,2698.79,8021.71,4210.38,2100.72,223.24,44727.67,9913.23,20422,SY,Sun Country Airlines d/b/a MN Airlines,Sun Country Airlines d/b/a MN Airlines,16795,L,2019,1
10063.14,12940.46,20963.94,0,3213.53,337.62,242.67,4170.01,28927.77,9880.44,905.42,953.83,3002.99,587.25,87.2,0,15987.32,13007.22,20436,F9,Frontier Airlines Inc.,Frontier Airlines Inc.,16461,L,2019,3
10724.78,13861.56,31067.35,0,4288.18,509.37,384.5,7963.26,44212.65,20768.01,1227.68,1509.93,5314.38,-102.72,147.77,0,30351.09,13937.49,20436,F9,Frontier Airlines Inc.,Frontier Airlines Inc.,16461,L,2019,2
10964.54,14055.49,38019.35,0,2383.46,261.81,-23.53,5203.28,45844.38,22736.1,785.51,1765.62,5548.79,126.11,111.48,0,31788.89,14180.14,20436,F9,Frontier Airlines Inc.,Frontier Airlines Inc.,16461,L,2019,1
10991.89,19508.01,361785.79,4.95,20261.14,10761.69,1425.8,17747.62,411986.99,168174.35,43979.65,33648.69,69602.31,26110.32,27843.42,79.85,392478.98,15323.3,20409,B6,JetBlue Airways,JetBlue Airways,16673,L,2019,1
12117,15805,141860,1323,376,0,16277,1123,161170,57975,17051,12474,27660,11978,9277,1016,145365,15765,19393,WN,Southwest Airlines Co.,Southwest Airlines Co.,11033,L,2019,1
13407,17347,132823,1131,313,0,14286,908,149534,53480,14163,11384,25118,11739,8151,806,132187,17388,19393,WN,Southwest Airlines Co.,Southwest Airlines Co.,11033,L,2019,4
13854.66,19836.54,69701.11,0,23584.73,1961.42,27049.96,270.45,122567.66,52987.51,6314.36,5735.71,8351.3,17784.92,6644.46,0,102731.12,17976.86,20416,NK,Spirit Air Lines,Spirit Air Lines,16831,L,2019,2
14611.94,56928.8,1066315.98,103134.75,36141.95,21054.53,342.13,60310.19,1306504.04,523761.53,78964.19,162234.4,157051.62,120994.89,97977.37,17308.67,1249575.24,18804.68,19977,UA,United Air Lines Inc.,United Air Lines Inc.,10877,P,2019,2
15074.12,27106.73,169747.42,0,0,0,0,0,169747.42,46703.43,55489.08,8228.58,982.57,12451.96,18784.55,0,142640.69,15074.12,20378,YV,Mesa Airlines Inc.,Mesa Airlines Inc.,06689,D,2019,4
15134.75,34083.21,305701.67,0,0,0,3887.36,0,309589.04,84641.75,89347.37,25205.62,4019.92,22367.83,49923.33,0,275505.83,20383.6,20452,YX,Republic Airline,Republic Airline,06003,D,2019,1
15616,19423,119003,994,309,0,12476,845,133663,45941,13342,9720,21822,9093,6792,750,114240,19407,19393,WN,Southwest Airlines Co.,Southwest Airlines Co.,11033,L,2019,3
16088.28,16512.17,258769.34,0,89005.31,9776.91,1329.99,141857.2,500738.76,296251.42,22326.74,44685.57,75610.62,5880.57,12889.03,0,484226.59,20806.53,20436,F9,Frontier Airlines Inc.,Frontier Airlines Inc.,06460,D,2019,1
17178.13,32971.5,162468.41,0,0,0,0,0,162468.41,48777.2,42277.73,7489.3,976.81,12523.98,17451.88,0,129496.91,17178.13,20378,YV,Mesa Airlines Inc.,Mesa Airlines Inc.,06689,D,2019,1
18216.11,26200.47,385415.57,1.67,21422.85,11823.75,1594.56,18751.33,439009.73,180499.36,48237.94,34704.08,70565.09,25525.46,28741.18,122.07,412809.26,23986.25,20409,B6,JetBlue Airways,JetBlue Airways,16673,L,2019,2
18507.37,31020.39,192388.31,5636.56,7442.25,1918.53,2165.1,11993.44,221863.82,73547.24,21757.36,20955.44,24521.43,22614.15,10416.85,1171.68,190843.43,28358.37,19690,HA,Hawaiian Airlines Inc.,Hawaiian Airlines Inc.,15375,P,2019,3
19232.47,37428.84,331416.48,0,0,0,7687.05,0,339103.53,85602.99,102027.1,26163.99,3886.4,31272.02,52722.2,0,301674.69,24448.35,20452,YX,Republic Airline,Republic Airline,06003,D,2019,4
20577.96,40766.11,324253.29,0,0,0,4758.67,0,329011.95,83996.51,99762.38,26037.69,3612.64,22267.19,52569.44,0,288245.85,27643.62,20452,YX,Republic Airline,Republic Airline,06003,D,2019,3
21329,27881,151723,1288,396,0,15652,1052,170194,57743,15821,12374,27166,11315,8663,922,142313,27886,19393,WN,Southwest Airlines Co.,Southwest Airlines Co.,11033,L,2019,2
21462.49,43275.51,327959.9,0,0,0,4125.62,0,332085.52,84556.6,98326,27465.41,3772.78,23517.39,51171.84,0,288810.02,28847.49,20452,YX,Republic Airline,Republic Airline,06003,D,2019,2
21714.8,32400.76,342506.82,12.94,21016.11,11443.61,1310.63,20144.95,396435.06,154987.19,36483.98,32386.06,63889.66,25198.31,28719.77,116.99,364034.3,29615.72,20409,B6,JetBlue Airways,JetBlue Airways,16673,L,2019,4
22512,32508,1235228,19813,65303,47564,22876,379177,1784210,595505,150878,140285,234668,120336,75753,340093,1751702,21525,19930,AS,Alaska Airlines Inc.,Alaska Airlines Inc.,06031,D,2019,1
23455.67,35745.45,87853.21,46.87,12982.15,913.41,757.97,3669.88,141184.62,45507.25,10376.99,6207.46,16904.69,10856.88,5421.34,559.28,105439.17,33569.91,20422,SY,Sun Country Airlines d/b/a MN Airlines,Sun Country Airlines d/b/a MN Airlines,06795,D,2019,1
29354.01,39513.1,645782.62,0,0,0,0,14629.22,686277.53,311625.01,145475.46,45548.64,45947.58,57554.91,39935.31,0,646764.43,36196.63,20304,OO,SkyWest Airlines Inc.,SkyWest Airlines Inc.,06700,D,2019,1
29619.94,48625.62,796477.35,16778.32,28617.95,17805.65,186.39,114875.63,975258.41,328844.74,84477.71,93067.46,183779.48,59332.08,55794.42,63633.47,926632.79,37039.35,19977,UA,United Air Lines Inc.,United Air Lines Inc.,10876,L,2019,1
30582.16,63787.86,1299676.64,15.71,64329.41,34168.52,4526.92,56348.95,1459292.5,576668.06,158469.93,124928.14,258740.3,95544.34,96279.16,293.18,1395504.65,42633.2,20409,B6,JetBlue Airways,JetBlue Airways,06673,D,2019,1
42948.31,60957.25,690524.05,0,0,0,0,9426.76,730765.75,327000.84,172284.83,46792.06,43553.72,35593.5,44008.02,0,669808.5,58648.9,20304,OO,SkyWest Airlines Inc.,SkyWest Airlines Inc.,06700,D,2019,4
45133.27,56081.64,410687.75,17423.53,13505.22,3648.04,4948.25,26635.66,477502.21,149834.82,64771.87,43771.26,63477.69,37021.05,27766.85,7505.78,421420.58,54226.77,19690,HA,Hawaiian Airlines Inc.,Hawaiian Airlines Inc.,05375,D,2019,1
45221.76,59004.82,440289.83,17579.79,14102.03,3918.77,4407.17,29107.8,514952.23,158714.96,64925.06,48656,66657.2,40919.43,28078.8,17350.99,455947.42,57933.76,19690,HA,Hawaiian Airlines Inc.,Hawaiian Airlines Inc.,05375,D,2019,4
48049.5,57817.67,328892.58,0,132249.55,12486.33,1416.89,152729.13,627774.48,368555.45,36277.6,39362.24,86507.25,-4788.74,11017.64,0,569956.8,61934.58,20436,F9,Frontier Airlines Inc.,Frontier Airlines Inc.,06460,D,2019,4
49346.88,77267.86,415284.12,0,154935.41,12587.4,168693.12,1600.51,753100.55,344197.06,42660.41,39083.33,58146.11,115674.24,44638.89,0,675832.69,63431.32,20416,NK,Spirit Air Lines,Spirit Air Lines,06830,D,2019,1
54431.3,63909.96,309539.53,0,64957.2,11745.92,1058.73,3767.64,410866.44,157003.66,37496.04,19574.77,45047.93,32409.94,37742.96,0,346956.48,54432.15,20368,G4,Allegiant Air,Allegiant Air,06035,D,2019,3
55209.09,81315.9,775190.76,18884.28,26459.9,15397.53,167.83,105463.58,942513.49,314129.36,72230.91,82100.24,150105.44,69171.23,50339.97,66769.16,861197.58,71056.38,19977,UA,United Air Lines Inc.,United Air Lines Inc.,10876,L,2019,2
59895.81,81278.73,690691.53,0,0,0,0,10001.59,730636.7,322917.26,155377.9,46602.43,44308.3,38945.08,40496.18,0,649357.98,78072.72,20304,OO,SkyWest Airlines Inc.,SkyWest Airlines Inc.,06700,D,2019,2
60009.62,60009.62,1596362.48,90167.2,69595.96,42260.09,144773.7,40212.74,1996679.26,748881.88,230533.65,190820.3,233345.82,317036.88,104892.62,8322.09,1936669.64,60009.62,19805,AA,American Airlines Inc.,American Airlines Inc.,10049,A,2019,3
60810.15,81027.4,704042.36,0,0,0,0,11356.71,746365.92,323758.91,166903.9,47301.26,43361.47,40063.01,43244.93,0,665338.52,78359.68,20304,OO,SkyWest Airlines Inc.,SkyWest Airlines Inc.,06700,D,2019,3
62359.28,83858.88,459330.26,17691.17,15608.85,3929.43,4686.47,29841.23,531342.09,164140.53,63883.81,46129.38,65888.49,43727.78,29625.43,5258.89,447483.21,78178.77,19690,HA,Hawaiian Airlines Inc.,Hawaiian Airlines Inc.,05375,D,2019,2
63538.22,87845.58,452687.06,7.51,25288.34,13545.91,2416.04,22594.89,516539.74,185361.28,46809.24,37186.8,75082.67,26611.57,31915.19,134.3,428694.17,86360.47,20409,B6,JetBlue Airways,JetBlue Airways,16673,L,2019,3
63975,81089,553179,43290,4203,8372,67533,11121,688384,269380,36753,57866,104025,44351,36620,10316,607295,82510,19790,DL,Delta Air Lines Inc.,Delta Air Lines Inc.,10262,P,2019,4
65169,83698,547356.68,41061,4319,8784,60742,9685.32,672054,265111,39074,57333,105655,28314,37753,8973,588356,79608,19790,DL,Delta Air Lines Inc.,Delta Air Lines Inc.,10262,P,2019,1
67047.68,92527.42,457406.12,18331.8,15146.05,3904.49,4406.3,29126.95,532743.31,155742.12,61421.45,45191.41,67817,45574.51,30384.34,5343.95,440215.89,87095.89,19690,HA,Hawaiian Airlines Inc.,Hawaiian Airlines Inc.,05375,D,2019,3
68068,108552,617805,40085,4489,8272,64685,9332,745153,294632,36639,57888,97750,49263,43231,8183,636601,96465,19790,DL,Delta Air Lines Inc.,Delta Air Lines Inc.,10262,P,2019,2
69809.24,87285.94,318079.9,0,97278.96,11555.28,1364.31,165172.7,593451.15,310421.99,29136.46,37083.49,85619.86,1117.92,11395.36,0,506165.21,90721.29,20436,F9,Frontier Airlines Inc.,Frontier Airlines Inc.,06460,D,2019,2
72645.57,95844.68,774515.27,18773.44,36470.37,14627.18,249.39,113050.4,958187.87,290347.25,79739.84,81204.9,151879.61,81986.36,52041.26,68692.23,862343.19,94501.79,19977,UA,United Air Lines Inc.,United Air Lines Inc.,10876,L,2019,4
72768.09,111663.05,469177.56,0,176261.76,13802.07,208078.23,1635.86,868955.47,379459.75,53957.8,43081.85,66573.6,124438.78,55473.91,0,757292.43,95659.82,20416,NK,Spirit Air Lines,Spirit Air Lines,06830,D,2019,4
74115.98,110717.49,490304.44,0,169672.01,15101.12,204143.42,1646.2,880867.19,377557.13,48933.92,44198.55,65922.88,147514.86,51249.22,0,770149.69,96803.06,20416,NK,Spirit Air Lines,Spirit Air Lines,06830,D,2019,3
75740.85,84556.7,334856.32,0,62550.7,14092.94,1191.17,3722.43,438612.5,158366.18,36045.33,17724.91,45909.11,36310.7,40012.77,0,354055.79,75740.85,20368,G4,Allegiant Air,Allegiant Air,06035,D,2019,4
76966.84,85040.74,273271.69,0,63660.47,5739.84,630.61,75783.43,429660.56,161306.24,35298.15,20864.13,40556.62,31412.33,34578.14,0,344619.82,76786.98,20368,G4,Allegiant Air,Allegiant Air,06035,D,2019,1
77415.52,109381.64,722813.63,18866.81,35680.79,14967.65,94.73,110606.71,903451,278354.69,75255.81,75476.2,137027.97,63294.37,46374.54,66767.78,794069.36,101687.95,19977,UA,United Air Lines Inc.,United Air Lines Inc.,10876,L,2019,3
77605.93,96348.71,349861.82,0,127791.86,13426.21,1382.55,147126.58,639589.02,314278.72,34021.61,38101.92,94354.01,17423.53,10297.54,0,543240.32,100310.4,20436,F9,Frontier Airlines Inc.,Frontier Airlines Inc.,06460,D,2019,3
79625,103762,723141.18,10002,32596,13317,73536,26438.82,879031,303275,68111,74686,137632,36883,69123,25452,775269,98434,19790,DL,Delta Air Lines Inc.,Delta Air Lines Inc.,10260,L,2019,1
90521.85,90521.85,1407200.01,90514.09,61907.48,36580.05,127888.68,37131.27,1774410.32,672901.23,200178.85,167468.34,206832.17,249219.54,91873.15,7273.55,1683888.47,90521.85,19805,AA,American Airlines Inc.,American Airlines Inc.,10049,A,2019,2
91340.63,100607.39,282742.08,0,73926.49,6562.6,1286.31,89841.62,466845.71,173921.94,33611.42,20720.5,47292.47,34375.25,36224.01,0,366238.32,91340.63,20368,G4,Allegiant Air,Allegiant Air,06035,D,2019,2
95009,112921,586545,11278,26394,9941,68925,18984,722067,227769,47882,60564,108876,46419,49807,17608,609146,114408,19790,DL,Delta Air Lines Inc.,Delta Air Lines Inc.,10260,L,2019,4
100655.47,144101.82,506341.11,0,171330.38,14248.63,196503.41,1964.7,890388.23,384925.82,45870.4,41666.85,60667.73,129197.87,48268.47,0,746286.4,130601.01,20416,NK,Spirit Air Lines,Spirit Air Lines,06830,D,2019,2
102372,133593,563153,10623,28495,10555,62733,23622,699181,213075,42267,55642,94974,48836,44128,20984,565588,128120,19790,DL,Delta Air Lines Inc.,Delta Air Lines Inc.,10260,L,2019,3
104680,146483,628155,9537,31301,11107,65983,26982,773065,238016,46435,59772,100932,50866,56290,23661,626582,134001,19790,DL,Delta Air Lines Inc.,Delta Air Lines Inc.,10260,L,2019,2
106607,142155,657952,41550,5099,9022,68281,10340,792686,287939,36980,63355,108138,55605,37316,9185,650531,135924,19790,DL,Delta Air Lines Inc.,Delta Air Lines Inc.,10262,P,2019,3
111328.48,162900.73,1251023.22,88056.16,44492.6,27503.54,333.03,38700.9,1458342.43,488825.34,108043.91,185334.73,199808.6,94221.28,110035.72,23475.34,1295441.7,145748.36,19977,UA,United Air Lines Inc.,United Air Lines Inc.,10874,A,2019,1
122977.33,155354.96,1391573.49,20.95,70521.99,37775.69,6737.64,63010.74,1569640.5,598849.92,160664.87,124526.62,252211.6,89429.97,102148.11,451.31,1414285.54,167149.47,20409,B6,JetBlue Airways,JetBlue Airways,06673,D,2019,3
138189.35,192652.89,1561109.89,93739.78,16057.16,30630.27,619.4,48136.18,1759715.51,577154.23,123242.86,207859.91,230273.34,168382.11,129568.84,29999.76,1567062.62,189445.66,19977,UA,United Air Lines Inc.,United Air Lines Inc.,10874,A,2019,4
139678.21,195481.59,1454583.44,43.19,70136.84,38190.63,4373.95,67229.54,1634689.89,603168.47,150880.98,130846.94,252108.62,101093.74,111257.78,469.46,1439208.3,190500.01,20409,B6,JetBlue Airways,JetBlue Airways,06673,D,2019,4
161268.28,223669.34,1495203.46,5.35,68436.75,37771.77,5093.92,59902.39,1666413.65,612466.65,168008.01,127235.91,253949.59,92997.88,98504.13,445.51,1442744.3,212351.68,20409,B6,JetBlue Airways,JetBlue Airways,06673,D,2019,2
167004.55,282529.71,4838971.04,24922.18,207210.13,135019.39,460623.18,1793084.93,7466264.72,2093414.63,678011.46,530861.79,662094.61,821128.95,306964.91,1812273.77,7183735.02,241066.56,19805,AA,American Airlines Inc.,American Airlines Inc.,0A050,D,2019,1
177164,238578,1525798,18988,74177,37809,26340,437489,2137900,650131,139875,157980,260275,149804,82037,356724,1899322,233844,19930,AS,Alaska Airlines Inc.,Alaska Airlines Inc.,06031,D,2019,4
178701.05,285022.33,3522429.39,50173.48,127488.59,80305.55,1700.2,2058182.55,5875103.86,1426704.37,455783.97,395750.05,1083218.9,359985.96,259431.15,1317212.95,5590081.53,227589.6,19977,UA,United Air Lines Inc.,United Air Lines Inc.,0A875,D,2019,1
180431,214960,1011868.59,70501,17503,16734,123472,2167.41,1248404,448450,71799,106841,196886,52763,69180,1539,1033444,207337,19790,DL,Delta Air Lines Inc.,Delta Air Lines Inc.,10261,A,2019,1
224697,262550,1230468,60370,22271,19717,154325,29127,1523468,515394,78560,127981,230070,98091,77680,27016,1260918,265690,19790,DL,Delta Air Lines Inc.,Delta Air Lines Inc.,10261,A,2019,4
231466.93,231466.93,1371339.55,40164.1,52897.04,34526.7,117570.24,32409.38,1655512.82,553179.93,179012.4,140160.78,174819.33,216580.2,81062.31,5579.56,1424045.88,231466.93,19805,AA,American Airlines Inc.,American Airlines Inc.,10050,L,2019,1
241222.78,348028.44,1893263.8,85509.25,20709.55,39061.86,120,56826.5,2103547.26,667780.09,144264.1,239134.31,254938.52,162610.42,136939.05,32405.44,1755518.81,323728.76,19977,UA,United Air Lines Inc.,United Air Lines Inc.,10874,A,2019,3
244122.63,244122.63,1240669.35,40770.68,48081.43,28671.29,99813.26,28943.18,1492915.78,496508.6,148728.28,124246.51,153383.37,186713.64,68366.84,5441.22,1248793.16,244122.63,19805,AA,American Airlines Inc.,American Airlines Inc.,10050,L,2019,2
250219,348793,1575748,25422,81771,50099,25468,432361,2207968,672435,145362,154087,225720,129460,80723,344371,1859174,335610,19930,AS,Alaska Airlines Inc.,Alaska Airlines Inc.,06031,D,2019,2
261135.04,581527.82,5090187.03,18567.75,207127.1,125176.18,428137,2091148.17,7968658.12,2090522.4,656893.54,543939.55,665423.14,901387.2,298792.24,1937129.53,7387130.3,421466.74,19805,AA,American Airlines Inc.,American Airlines Inc.,0A050,D,2019,3
276587.2,276587.2,1217517.55,36248.4,43996.39,26298.42,89591.84,25145.47,1444145.11,451300.83,139488.69,115765.65,141662,188773.27,63362.85,5008.72,1167557.91,276587.2,19805,AA,American Airlines Inc.,American Airlines Inc.,10050,L,2019,3
305166,399666,1671983,26449,91192,46918,25499,446888,2325964,667313,147498,161361,277103,135113,82520,350263,1926298,393113,19930,AS,Alaska Airlines Inc.,Alaska Airlines Inc.,06031,D,2019,3
306697.45,306697.45,1217788.39,38316.94,44660.01,26225.84,101779.64,27866.65,1463758.54,440298.72,152124.85,112016.47,143079.14,173710.54,68255.35,4549.23,1157061.09,306697.45,19805,AA,American Airlines Inc.,American Airlines Inc.,10050,L,2019,4
313158.2,425318.01,1820738.05,85906.36,61758.43,35268.4,367.72,52875.47,2065217.24,645205.26,119396.29,225206.73,231552.95,149784.63,126080.29,31341.33,1639899.23,403055.51,19977,UA,United Air Lines Inc.,United Air Lines Inc.,10874,A,2019,2
361534,474636,1776922,68690,25639,22538,172571,3570,2077004,683589,95196,161723,273084,137626,111083,3131,1602368,440866,19790,DL,Delta Air Lines Inc.,Delta Air Lines Inc.,10261,A,2019,2
374997,489134,4390402,40940,11649,0,503767,34740,4988013,1794269,527711,386072,856045,370695,287103,31445,4498879,487890,19393,WN,Southwest Airlines Co.,Southwest Airlines Co.,06725,D,2019,1
408228,509964,1940488,71281,30418,26289,185616,2688,2263014,738452,106206,181312,309476,159134,107229,2387,1753050,492130,19790,DL,Delta Air Lines Inc.,Delta Air Lines Inc.,10261,A,2019,3
415863.33,641417.93,5164000.1,21793.56,213267.14,127228.45,485975.54,2061795.98,8086950.69,2092366.17,732759.27,540367.31,689570.97,834190.13,329360.06,1924763.38,7445532.76,577101.77,19805,AA,American Airlines Inc.,American Airlines Inc.,0A050,D,2019,4
422508,617061,4850237.45,48794,188299,172331,563161,1784902.55,7691968,1855361,445502,618926,1140558,305654,434994,1775797,7074907,578376,19790,DL,Delta Air Lines Inc.,Delta Air Lines Inc.,01260,D,2019,1
472610.13,885779.4,5222344.68,21043,217799.74,129835.14,451640.61,2144108.57,8193408.39,2132262.58,645337.4,538564.48,665353,811462.74,296350.39,1934535.48,7307628.99,710003.27,19805,AA,American Airlines Inc.,American Airlines Inc.,0A050,D,2019,2
500392,647386,4956187,42202,11691,0,533074,33880,5579748,1995571,528476,424775,937253,438015,304132,30064,4932362,648936,19393,WN,Southwest Airlines Co.,Southwest Airlines Co.,06725,D,2019,4
501833.51,651868.67,4167939.64,49054.57,175468.93,81980.05,2583.25,2361962.37,6903994.96,1539103.63,531578.46,427585.91,1129446.81,552959.31,291659.01,1447426.56,6252126.29,654892.18,19977,UA,United Air Lines Inc.,United Air Lines Inc.,0A875,D,2019,4
643259,800051,4902224,40951,12737,0,513951,34800,5506157,1892504,549631,400381,898917,374585,279847,30898,4706106,799436,19393,WN,Southwest Airlines Co.,Southwest Airlines Co.,06725,D,2019,3
668960.07,908783.06,4396984.74,48041.95,150588.54,89047.12,2070.05,2365684.79,7087134.27,1644534.47,478200.31,420645.34,1166726.48,457339.06,267585.88,1404466,6178351.21,861023.95,19977,UA,United Air Lines Inc.,United Air Lines Inc.,0A875,D,2019,2
706791.34,982236.71,4337711.01,48972.68,196886.82,91311.62,1498.41,2359843.92,7094071.59,1573304.14,523795.81,429074.18,1075418.87,478384.16,270519.34,1435530.25,6111834.88,927801.9,19977,UA,United Air Lines Inc.,United Air Lines Inc.,0A875,D,2019,3
719207,940166,5116424,43445,13353,0,527805,35464,5739274,1947217,533510,417262,916091,381555,292165,31100,4799108,940308,19393,WN,Southwest Airlines Co.,Southwest Airlines Co.,06725,D,2019,2
737340,939208,5512837,47897,198809,177434,638254,1846822,8529069,1961286,450393,685815,1232887,525644,452129,1713004,7589861,957008,19790,DL,Delta Air Lines Inc.,Delta Air Lines Inc.,01260,D,2019,4
872896,1351099,5860544,45628,226922,184559,571011,2035421,8986257,2006592,422089,666507,1125465,567198,498105,1784846,7635158,1199848,19790,DL,Delta Air Lines Inc.,Delta Air Lines Inc.,01260,D,2019,2
876781,1277058,5787283,45532,229606,176737,601726,1941456,8835530,1989322,428605,676027,1153888,593334,437645,1724648,7558472,1189612,19790,DL,Delta Air Lines Inc.,Delta Air Lines Inc.,01260,D,2019,3
-4572596.01,-2908378,412343,14930,23905,20027,184832,494562,1207881,1156551,204428,300142,661741,259661,505064,859669,4116259,-5559700.01,19790,DL,Delta Air Lines Inc.,Delta Air Lines Inc.,01260,D,2020,2
-4526428.43,-2015723,1160252,25032,72089,4540,343525,926282,2599495,1216704,280736,305740,800765,219001,473059,1102322,4615218,-5725489.43,19790,DL,Delta Air Lines Inc.,Delta Air Lines Inc.,01260,D,2020,3
-1735853.74,-2102709.99,3699697.77,17653.3,183375.87,131170.6,461042.28,1548838.8,6047387.7,1980083.92,769270.63,526995.32,677679.88,1656594.97,379274.86,1909550.94,8150097.69,-2363575.74,19805,AA,American Airlines Inc.,American Airlines Inc.,0A050,D,2020,1
-1601905.31,-2003556.51,1664238.03,34307.7,144391.68,4174.33,443328.52,843645.17,3145005.83,1329753.57,617842.48,342242.55,545209.31,654436.31,367741.44,1181904.04,5148562.34,-2203428.23,19805,AA,American Airlines Inc.,American Airlines Inc.,0A050,D,2020,4
-1538579.79,-4029704.61,612416.29,24814.34,58287.65,11884.08,358419.95,343876.32,1414451.07,1326300.5,655811.56,389308.98,525826.53,1051758.06,443125.95,973451.18,5444155.68,-2102282.37,19805,AA,American Airlines Inc.,American Airlines Inc.,0A050,D,2020,2
-1476828.2,-4146599.97,1487012.29,24958.67,130270.74,9301.84,381794.48,667922.32,2706259.74,1444215.85,667429.47,423661.96,568293.61,2152874.49,413260.95,1084752.8,6852859.71,-2137533.81,19805,AA,American Airlines Inc.,American Airlines Inc.,0A050,D,2020,3
-1281719.73,-2127672.91,646677.07,35329.93,63319.55,7405.7,-334.4,860312.44,1671673.11,734857.81,247234.01,218474.71,946306.02,547275.27,407651.97,609539.41,3799346.02,-1623198.71,19977,UA,United Air Lines Inc.,United Air Lines Inc.,0A875,D,2020,3
-1230613.63,-1688246.82,1023578.49,42784.17,96027.39,6733.34,248.68,1001204.93,2235985.62,792520.84,292481.67,226749.95,1025406.59,440882.93,348982.37,690489.37,3924232.44,-1538665.59,19977,UA,United Air Lines Inc.,United Air Lines Inc.,0A875,D,2020,4
-1143876,-2628872,1354022,40548,8739,0,352092,11648,1773269,1672609,363182,570396,941336,316487,315271,25351,4402141,-1524953,19393,WN,Southwest Airlines Co.,Southwest Airlines Co.,06725,D,2020,3
-1100395.86,-2198532.83,268357.67,22041.01,26271.78,3965.71,617.23,582431.86,925843.42,500270.79,243810.18,187052.71,882583.92,298461.44,405413.6,533776.21,3124376.26,-1355920.04,19977,UA,United Air Lines Inc.,United Air Lines Inc.,0A875,D,2020,2
-965139.4,-589042.69,2864963.75,44091.73,145425.03,62649.43,1682.46,1918258.66,5077445.07,1349962,496515.52,399750.11,1096753.06,448532.04,290969.25,1320785.38,5666487.76,-1184525.09,19977,UA,United Air Lines Inc.,United Air Lines Inc.,0A875,D,2020,1
-914578,-2216779,618890,37676,4737,0,330057,12538,1007273,1244376,328869,345720,703594,155954,309666,25858,3224052,-1238898,19393,WN,Southwest Airlines Co.,Southwest Airlines Co.,06725,D,2020,2
-889324,-1143922,1544731,42280,8708,0,358934,9785,1971082,1006506,326288,290847,689722,331290,309030,26792,3115004,-1303178,19393,WN,Southwest Airlines Co.,Southwest Airlines Co.,06725,D,2020,4
-760785.88,-1496688,1527334,36125,90925,28688,369111,1115004,3273305,1244643,361299,311061,787689,138995,406585,1315662,4769993,-1038004.88,19790,DL,Delta Air Lines Inc.,Delta Air Lines Inc.,01260,D,2020,4
-653336,-326933,36594,20753,2084,9089,63023,7739,168163,141577,18830,60219,132768,52097,42245,13452,495096,-851384,19790,DL,Delta Air Lines Inc.,Delta Air Lines Inc.,10261,A,2020,2
-528143,-386601,4056268,39603,157619,156056,546825,1360411,6383908,1803952,653165,655450,1203743,139433,504765,1339542,6770509,-581608,19790,DL,Delta Air Lines Inc.,Delta Air Lines Inc.,01260,D,2020,1
-479902,-943486,348395,22658,36688,6945,7710,243420,682819,309330,124952,78062,152726,544360,83353,285305,1626306,-623842,19930,AS,Alaska Airlines Inc.,Alaska Airlines Inc.,06031,D,2020,3
-456254,-152773,103566,52855,8111,1023,54525,2326,242964,142731,23250,37531,98298,26883,37651,2768,395737,-603444,19790,DL,Delta Air Lines Inc.,Delta Air Lines Inc.,10261,A,2020,3
-389270,-587273,400744,19018,38765,12949,8806,262199,760891,283668,99733,81614,141682,316512,75085,308155,1348164,-613605,19930,AS,Alaska Airlines Inc.,Alaska Airlines Inc.,06031,D,2020,4
-385244.36,-385244.36,51639.12,66208.21,1381.61,698.9,9884.28,1810.08,140635.63,136552.73,57777.4,36594.87,49011.55,201341.61,35745.71,351.45,525879.99,-385244.36,19805,AA,American Airlines Inc.,American Airlines Inc.,10049,A,2020,3
-371115.97,-490364.49,342882.68,233.37,41094.89,666.53,1707.89,32209.42,420659.58,343247.29,111258.16,87268.65,179790.26,49872.39,101218.69,199.11,911024.07,-509299.21,20409,B6,JetBlue Airways,JetBlue Airways,06673,D,2020,4
-354867.49,-536851.74,31444.3,200873.21,2126.36,194.24,1.39,6619.22,257224.62,355516.65,62697.2,134712.67,76489.36,46530.11,93404.46,7407.53,794076.35,-437391.46,19977,UA,United Air Lines Inc.,United Air Lines Inc.,10877,P,2020,2
-350737,-226709,21698,3620,750,1890,24030,-4366,57975,134047,15075,22882,50449,19796,37140,-7589,284684,-425992,19790,DL,Delta Air Lines Inc.,Delta Air Lines Inc.,10262,P,2020,2
-346143.08,-590014.78,247791.28,149.44,24888.92,1390,1698.79,28225.42,304771.56,292650.02,114177.9,78710.6,155729.05,120850.06,96643.38,0,894786.34,-509499.79,20409,B6,JetBlue Airways,JetBlue Airways,06673,D,2020,3
-312715.93,-188723.72,663616.15,65404.14,5303.71,13743.15,105.84,42551.71,806282.74,378126.99,66381.62,133347.63,127625.05,104758.47,97097.48,21122.13,995006.46,-372681.88,19977,UA,United Air Lines Inc.,United Air Lines Inc.,10877,P,2020,1
-308802.83,-686961.55,150789.63,45.43,6478.98,2668.03,650.08,41403.95,202232.4,276525.45,105284.96,83533.84,147396.45,111349.01,134187.74,0,889193.95,-433027.51,20409,B6,JetBlue Airways,JetBlue Airways,06673,D,2020,2
-304085.1,-304085.1,523161.3,58754.42,29127.39,20688.09,72422.89,18818.66,733984.68,361654.94,132444.62,91386.2,118181.29,222297.07,64356.97,3342.03,1038069.79,-304085.1,19805,AA,American Airlines Inc.,American Airlines Inc.,10049,A,2020,1
-284814.23,-389400.9,188574.96,207573.65,8408.13,867.47,82.22,11290.23,426542.44,259972.04,50556.2,82055.3,132669.43,139460.28,107086.42,5379.17,815943.34,-356311.78,19977,UA,United Air Lines Inc.,United Air Lines Inc.,10874,A,2020,4
-263849.1,-156223.37,1077241.71,41.9,69096.4,26386.82,4429.95,60561.98,1237983.68,550701.32,170040.34,134644.48,253606.02,98331.33,112177.2,425.35,1394207.05,-339376.8,20409,B6,JetBlue Airways,JetBlue Airways,06673,D,2020,1
-253002,-642735,194519,18840,21768,3014,5477,150280,411813,279861,87834,73073,121235,144295,85145,229231,1054548,-329273,19930,AS,Alaska Airlines Inc.,Alaska Airlines Inc.,06031,D,2020,2
-249327.96,-249327.96,412082.21,32857.75,37572.84,1684.03,94340.09,14666.75,597754.75,284646.2,130030.65,73924.83,116407,138917.52,78004.02,1244.58,847082.7,-249327.96,19805,AA,American Airlines Inc.,American Airlines Inc.,10050,L,2020,4
-248943.27,-108148.62,1031155.84,95194.36,15004.53,22162.23,274.3,38527.2,1214966.73,477499.02,104595.76,187519.87,189588.68,128331.49,133492.46,24939.66,1323115.35,-327586.23,19977,UA,United Air Lines Inc.,United Air Lines Inc.,10874,A,2020,1
-240986.02,-240986.02,150071.06,18187.44,15240.21,1777.68,29638.81,5433.14,222784.52,115962.65,50985.78,32305.68,43213.06,181934.39,31549.12,309.56,463770.55,-240986.02,19805,AA,American Airlines Inc.,American Airlines Inc.,10050,L,2020,3
-238927.53,-238927.53,38291.53,37672.43,825,823.83,12738.28,2172.89,99841.37,91809.17,43995.97,26325.32,34735.84,107235.83,29226.38,89.08,338768.89,-238927.53,19805,AA,American Airlines Inc.,American Airlines Inc.,10049,A,2020,2
-224589.73,-304606.82,263984.35,31007.83,31410.64,1199.14,112.66,61076.11,389725.44,200003.17,61649.86,53947.58,160460.05,88118.34,73394.88,30075.17,694332.26,-280938.88,19977,UA,United Air Lines Inc.,United Air Lines Inc.,10876,L,2020,4
-220079.72,-449084.75,171170.15,165709.45,8842.51,1233.93,59.77,11937.85,365051.47,261436.23,46305.62,84036.96,123443.6,169615.75,90297.39,5484,814136.22,-278899.04,19977,UA,United Air Lines Inc.,United Air Lines Inc.,10874,A,2020,3
-218858.21,-321505.13,93795.82,153529.24,2129.49,664.04,23,6248.05,282726.44,256643.64,33247.09,77373.8,84469.07,70100.51,61006.94,3157.01,604231.57,-277349.53,19977,UA,United Air Lines Inc.,United Air Lines Inc.,10877,P,2020,3
-205303,-74556,56491,18460,1392,197,24153,1909,105295,68911,10318,16170,42349,11582,16779,2272,179851,-268716,19790,DL,Delta Air Lines Inc.,Delta Air Lines Inc.,10262,P,2020,3
-193550,-236419,1068912,16929,59465,37911,21169,332493,1552013,552050,153764,155549,237113,194559,82256,331424,1788433,-243457,19930,AS,Alaska Airlines Inc.,Alaska Airlines Inc.,06031,D,2020,1
-193357,-49333,71655,4308,6520,452,26981,3517,116954,44500,10622,17811,46649,12758,17126,4186,166287,-263210,19790,DL,Delta Air Lines Inc.,Delta Air Lines Inc.,10260,L,2020,3
-179163.18,-179163.18,27466.32,5133.71,3364.13,1607.52,10057.47,1727.19,50526.19,65652.4,32184.38,19175.05,25611.43,61568.74,21547.03,63.21,229689.37,-179163.18,19805,AA,American Airlines Inc.,American Airlines Inc.,10050,L,2020,2
-177239.02,-85764.05,698142.64,17419.27,34908.98,14823.45,154.57,113931.74,879872.53,318320.85,94664.95,98398.36,186907.12,80085.04,66043.68,65347.19,965636.58,-228253.4,19977,UA,United Air Lines Inc.,United Air Lines Inc.,10876,L,2020,1
-172456.35,-172456.35,14413.08,73187.5,176.66,213.39,3985.33,729.38,102586.08,87969.68,27751.21,17815.11,23648.33,96286.22,17259.08,170.01,275042.43,-172456.35,19805,AA,American Airlines Inc.,American Airlines Inc.,10052,P,2020,3
-156448.33,-204675.93,95854.7,228846.36,2271.33,447.22,575.83,5999.34,360325.25,241842.15,33444.77,71375.4,79865.24,49960.67,67327.67,2492.58,565001.18,-195769.67,19977,UA,United Air Lines Inc.,United Air Lines Inc.,10877,P,2020,4
-148487.89,-148487.89,30715.69,89212.23,934.95,191.55,8189.33,1398.56,142837.5,113268.72,42566.79,22427.61,36669.65,44087.32,25015.31,314.15,291325.39,-148487.89,19805,AA,American Airlines Inc.,American Airlines Inc.,10049,A,2020,4
-140094.74,-332025.96,67492.09,0,19588.45,3604.69,43710.72,-22.63,134373.32,193972.71,36159.04,40009.84,42326.08,75880.57,67039.7,0,466399.28,-206159.91,20416,NK,Spirit Air Lines,Spirit Air Lines,06830,D,2020,2
-140001.05,-144735.62,216046.1,0,109198.39,1593.6,115707.78,1110.35,443656.22,257280.81,43718.98,45370.93,62796.5,95373.39,64198.59,0,588391.83,-182036.01,20416,NK,Spirit Air Lines,Spirit Air Lines,06830,D,2020,4
-139209.75,-80715.9,335950.27,16100.72,12065.15,3200.49,4739.8,28116.56,402195.89,173673.21,68569.02,49351.18,69990.98,56144.76,31395.95,8486.46,482911.79,-160370.1,19690,HA,Hawaiian Airlines Inc.,Hawaiian Airlines Inc.,05375,D,2020,1
-135359.76,-178119.96,75310.36,12405.42,4434.38,314.57,2053.08,32770.47,130393.53,90285.05,38076.1,32811.35,45886.75,47197.82,31289.9,4610.62,308513.49,-196126.06,19690,HA,Hawaiian Airlines Inc.,Hawaiian Airlines Inc.,05375,D,2020,4
-121253.46,-175349.72,118872.65,0,55267.69,15252.74,1242.87,70293.77,260929.72,260025.3,31624.75,23232.38,76998.1,17550.1,10134.98,0,436279.44,-184134.95,20436,F9,Frontier Airlines Inc.,Frontier Airlines Inc.,06460,D,2020,4
-120359.29,-210264.14,104513.34,19070.12,13147.53,810.88,417.68,30594.99,169373.43,101852.91,25653.63,28674.37,90616.67,57095.65,37269.42,25536.91,379637.57,-152486.47,19977,UA,United Air Lines Inc.,United Air Lines Inc.,10876,L,2020,3
-115207,-55482,7316,824,738,2626,11573,10461,38104,15118,2914,11019,24293,9533,6321,18184,93586,-151445,19790,DL,Delta Air Lines Inc.,Delta Air Lines Inc.,10260,L,2020,2
-115137.26,-182057.84,90116.94,0,19309.86,4319.66,1570.55,1913.2,120467.57,78104.45,23615.74,16442.14,29343.3,103921.14,42712.76,0,302525.41,-115137.08,20368,G4,Allegiant Air,Allegiant Air,06035,D,2020,2
-114002.19,-114002.19,198210.2,17952.9,13815.84,9559,33111.15,8952.22,285133.23,141334.43,53520.48,37010.77,48296.08,73716.05,25508.3,1414.78,399135.41,-114002.19,19805,AA,American Airlines Inc.,American Airlines Inc.,10052,P,2020,1
-94381.33,-238126.06,185316.75,0,94933.88,763.33,100363.72,1251.78,382629.45,263111.68,45705.72,48018.17,65864.71,113104.8,67926.57,0,620755.51,-122351.06,20416,NK,Spirit Air Lines,Spirit Air Lines,06830,D,2020,3
-93636.1,-334565.52,53290.96,134781.6,3684.55,354.92,-16.62,11649.43,219282.3,205074.65,46247.45,62018.69,88867.95,61896.31,56116.47,11888.26,553847.82,-115436.44,19977,UA,United Air Lines Inc.,United Air Lines Inc.,10874,A,2020,2
-91603,-106383,3539606,37910,11255,0,492319,29981,4112420,1667092,471810,367462,836760,316691,305745,29782,4218803,-139400,19393,WN,Southwest Airlines Co.,Southwest Airlines Co.,06725,D,2020,1
-81493.21,-223081.77,22690.2,9107,1450.72,-43.66,3217.66,17823.27,54294.06,82951.86,29562.47,28117.23,39990.42,43228.19,37732.36,5411.34,277375.83,-120190.31,19690,HA,Hawaiian Airlines Inc.,Hawaiian Airlines Inc.,05375,D,2020,2
-76996.85,-155571.14,39902.56,8764.16,3842.57,230.44,14.36,19779.81,73126.49,47222.64,18487.9,19973.48,55633.53,20133.05,33841.25,23352.48,228697.63,-94891.91,19977,UA,United Air Lines Inc.,United Air Lines Inc.,10876,L,2020,2
-74342.17,-228388.77,32841.88,12582.32,2569.37,157.24,1558.12,19414.33,70078.03,78242.79,32446.22,29777.28,41930.41,64135.24,32512.61,4875.07,298466.8,-120517.4,19690,HA,Hawaiian Airlines Inc.,Hawaiian Airlines Inc.,05375,D,2020,3
-68633.49,-113566.33,231511.67,0,105118.91,40614.54,1421.66,121311.63,499978.41,392852.26,36727.02,38852.59,95354.63,12178.11,8361.33,0,613544.74,-110221.6,20436,F9,Frontier Airlines Inc.,Frontier Airlines Inc.,06460,D,2020,1
-66112.42,-31334.57,118328.16,0,0,0,0,0,118328.16,72742.49,51171.88,15497.12,262.63,7292.47,2696.15,0,149662.73,-66112.42,20363,9E,Endeavor Air Inc.,Endeavor Air Inc.,07024,D,2020,3
-64144.15,-82458.5,529487.95,0,0,0,0,6379.47,573980.63,285190.86,212250.1,40844.88,32910.95,34876.32,50023.46,0,656439.12,-82834.27,20304,OO,SkyWest Airlines Inc.,SkyWest Airlines Inc.,06700,D,2020,4
-52250.24,-62757.45,111532.21,0,0,0,0,0,111532.21,88707.81,40518.79,16417.46,6725.94,15899.27,6020.39,0,174289.66,-68999.56,20397,OH,PSA Airlines Inc.,PSA Airlines Inc.,07028,D,2020,4
-50752.58,-169515.46,118455.65,0,48078.8,15345.93,1383.84,60298.99,243563.2,255917.98,25348.39,25553.7,67519.14,12497.23,7923.58,0,413078.65,-80749.81,20436,F9,Frontier Airlines Inc.,Frontier Airlines Inc.,06460,D,2020,3
-46229.86,-95238.61,150973.18,95.99,15985.66,892.77,1091.1,18128.62,187167.31,91658.66,34845.01,25892.98,46960.24,40367.8,30697.6,0,282405.93,-68047.3,20409,B6,JetBlue Airways,JetBlue Airways,16673,L,2020,3
-41593.8,-113499.15,139375.26,0,32114.64,6587.81,-181.69,2784.29,185963.96,104960.34,26024.14,18028.73,41883.8,55996.63,44719.1,0,299463.12,-41629.89,20368,G4,Allegiant Air,Allegiant Air,06035,D,2020,3
-39665,-48705,104920,2,0,0,49,0,104971,18870,23129,7629,7518,77348,19182,0,153676,-53940,19687,QX,Horizon Air,Horizon Air,06580,D,2020,1
-39372,-59457,40832,-210,3950,1319,0,0,46510,28903,10162,8316,14436,32250,7650,0,105967,-62063,19930,AS,Alaska Airlines Inc.,Alaska Airlines Inc.,16031,L,2020,4
-38642.45,-198594.93,307097.54,0,0,0,0,4165.11,338952.16,249307.53,143460.09,26969.67,27625.85,30892.12,59041.17,0,537547.09,-50454.47,20304,OO,SkyWest Airlines Inc.,SkyWest Airlines Inc.,06700,D,2020,2
-38598.38,-99311.98,91703.46,0,0,0,0,0,91703.46,97463.35,49018.67,13050.13,7414.56,18299.96,5768.77,0,191015.44,-50042.36,20397,OH,PSA Airlines Inc.,PSA Airlines Inc.,07028,D,2020,3
-37290.77,-37290.77,27285.75,94214.04,250.91,69.72,5617.15,875.29,141295.44,85523.61,21717.93,12079.32,19185.82,23083.31,12933.26,187.87,178586.21,-37290.77,19805,AA,American Airlines Inc.,American Airlines Inc.,10052,P,2020,4
-35259.73,-28195.67,177121.25,0,36577.09,6402.52,715,3171.91,233412.98,101608.6,25926.22,15863.29,38303.23,28634.89,43416.73,0,261608.66,-35259.78,20368,G4,Allegiant Air,Allegiant Air,06035,D,2020,4
-32630.1,3065.2,163107.26,0,0,0,0,0,163107.26,71167.68,60354.91,18335.82,218.68,7683.54,2281.43,0,160042.06,-32630.1,20363,9E,Endeavor Air Inc.,Endeavor Air Inc.,07024,D,2020,4
-29595,-114295,127288,69349,13483,7761,52441,434,284166,168293,33650,34229,86674,15294,37355,512,398461,-60099,19790,DL,Delta Air Lines Inc.,Delta Air Lines Inc.,10261,A,2020,4
-25184.62,-52482.74,342657.57,0,158442.33,11130.31,183626.87,1971.14,697828.22,361841.35,48611.65,47857.06,67643.41,134098.9,59721.49,0,750310.96,-67507.66,20416,NK,Spirit Air Lines,Spirit Air Lines,06830,D,2020,1
-24451.26,-58316.49,59917.8,0,0,0,0,0,59917.8,66510.9,26229.64,12410,305.58,10089.15,2689.02,0,118234.28,-24451.26,20363,9E,Endeavor Air Inc.,Endeavor Air Inc.,07024,D,2020,2
-21924.78,-24764.12,2847.92,9371.38,294.17,20.87,136.2,2140.95,18048.37,20853.94,5644.13,2248.27,3843.43,3124.42,4695.46,75.99,42812.49,-25955.9,19690,HA,Hawaiian Airlines Inc.,Hawaiian Airlines Inc.,15375,P,2020,4
-21908.94,-21141.93,176361.41,0,0,0,0,0,176361.41,83128.36,74534.49,21101.47,927.63,15160.77,2650.63,0,197503.34,-21884.08,20363,9E,Endeavor Air Inc.,Endeavor Air Inc.,07024,D,2020,1
-21590.09,-21590.09,86.04,5011.79,0,0,0,0,6011.38,17729.82,3313.11,157.42,1387.52,2.98,3992.31,0.23,27601.47,-21590.09,19690,HA,Hawaiian Airlines Inc.,Hawaiian Airlines Inc.,15375,P,2020,3
-21355,-42079,15531,0,1635,310,0,0,17699,13789,5570,3480,6808,24266,3716,0,59778,-27761,19930,AS,Alaska Airlines Inc.,Alaska Airlines Inc.,16031,L,2020,3
-19086,-24548,33146,907,187,0,7702,210,42294,21597,7001,6241,14799,7109,6632,575,66842,-27966,19393,WN,Southwest Airlines Co.,Southwest Airlines Co.,11033,L,2020,4
-17303.5,-17888.67,26702.33,0,13496.43,196.96,14300.96,137.23,54833.92,31798.75,5403.47,5607.64,7761.36,11787.72,7934.66,0,72722.59,-22498.83,20416,NK,Spirit Air Lines,Spirit Air Lines,16831,L,2020,4
-16632,-20484,75893,-228,4222,2692,0,0,82965,39196,10917,11044,16835,13814,5840,0,103448,-20920,19930,AS,Alaska Airlines Inc.,Alaska Airlines Inc.,16031,L,2020,1
-15038.89,-15038.89,1179459.67,28830.53,48051.99,34299.07,120174.58,30993.45,1447293.7,490186.7,186198.8,128273.69,165569.69,334600.9,90887.73,4646.78,1462332.58,-15038.89,19805,AA,American Airlines Inc.,American Airlines Inc.,10050,L,2020,1
-14066.11,-17361.7,208755.66,0,0,0,-1,0,208754.67,112791.61,64774.47,17166.88,8676.24,16650.38,6056.78,0,226116.36,-18185.39,20397,OH,PSA Airlines Inc.,PSA Airlines Inc.,07028,D,2020,1
-13813.53,-128728.72,133391.73,0,0,0,107.78,5.87,133505.37,104696.21,44827.76,11510.27,49673.2,46241.37,5269.71,10.84,262234.09,-18445.74,20398,MQ,Envoy Air,Envoy Air,06820,D,2020,2
-12777,-29362,15123,453,98,0,3933,130,19806,18681,4056,6371,10514,3535,3521,283,49168,-17033,19393,WN,Southwest Airlines Co.,Southwest Airlines Co.,11033,L,2020,3
-12400.58,-61818.21,129597.72,0,0,0,0,0,129597.72,97768.79,39043.6,12074.5,7535.25,18023.96,16969.82,0,191415.93,-15895.93,20397,OH,PSA Airlines Inc.,PSA Airlines Inc.,07028,D,2020,2
-11757.9,-27084.03,9103.15,2.72,387.24,159.47,38.86,2474.68,12612.6,12329.49,4218.31,3694.61,7814.22,4250.51,6036.63,0,39696.63,-16487.84,20409,B6,JetBlue Airways,JetBlue Airways,16673,L,2020,2
-11342.5,-11342.5,4056.9,41461.18,52.37,129.69,2909.9,489.08,57233.69,33211.17,7025.97,4173.04,5635.48,12915.37,4761.13,14.03,68576.2,-11342.5,19805,AA,American Airlines Inc.,American Airlines Inc.,10052,P,2020,2
-8863.91,-8868.43,36169.55,0,0,0,0,6.24,36175.79,12030.5,20619.02,4857.15,3204.74,3841.74,466.45,0,45044.22,-8863.91,21167,CP (2),Compass Airlines,Compass Airlines,01131,D,2020,1
-8575,-23410,7562,-102,846,117,0,0,8676,10880,3415,2841,4713,5610,3310,0,32086,-11160,19930,AS,Alaska Airlines Inc.,Alaska Airlines Inc.,16031,L,2020,2
-8322.4,-22599.5,16752.94,0,0,0,0,21.27,16774.21,16151.23,7473.93,1891.48,946.79,7446.42,5447.59,16.26,39373.71,-8392.52,20046,ZW,Air Wisconsin Airlines Corp,Air Wisconsin Airlines Corp,06024,D,2020,2
-5596.1,-8197.42,2866.35,0,1039.16,286.79,285.19,1321.53,5799.01,9005.35,818.92,824.23,2346.69,452.29,210.13,0,13996.44,-8498.21,20436,F9,Frontier Airlines Inc.,Frontier Airlines Inc.,16461,L,2020,4
-5509.9,-31512.59,19146.3,2649.53,2360.47,445.73,570.66,250.16,33197.1,21285.25,4072.49,4070.58,6192.9,14319.8,11369.18,0,64709.7,-7408.23,20422,SY,Sun Country Airlines d/b/a MN Airlines,Sun Country Airlines d/b/a MN Airlines,06795,D,2020,2
-5426.85,-2449.03,35952.56,19355.4,7875.1,1813,643.21,500.98,102029.72,37280.95,16268.47,6585.42,16322.9,11642.42,11618.28,0,104478.75,-7675.34,20422,SY,Sun Country Airlines d/b/a MN Airlines,Sun Country Airlines d/b/a MN Airlines,06795,D,2020,4
-4758.72,-12006.36,9343.7,0,4786.58,38.49,5060.36,63.12,19292.24,13266.14,2304.49,2421.08,3320.91,5702.76,3424.87,0,31298.6,-6168.96,20416,NK,Spirit Air Lines,Spirit Air Lines,16831,L,2020,3
-4438.96,-4287.45,0,0,0,0,460.36,393.5,2926.25,1176.97,1488.39,366.4,773.17,1313.88,2109.27,0,7213.7,-4438.96,20310,WL,"Caribbean Sun Airlines, Inc. d/b/a World Atlantic Airlines","Caribbean Sun Airlines, Inc. d/b/a World Atlantic",16076,I,2020,4
-4332.83,-10268.85,2087.38,0,605.83,111.49,1351.88,-0.7,4155.88,5999.16,1118.32,1237.42,1309.05,2346.82,2073.39,0,14424.72,-6376.08,20416,NK,Spirit Air Lines,Spirit Air Lines,16831,L,2020,2
-4074.83,25345.55,298092.54,13.67,22547,8610.34,1445.55,19762.11,350471.21,133510.22,39709.54,29659.18,56895.46,21909.76,26888.21,94.24,325125.66,-14646.75,20409,B6,JetBlue Airways,JetBlue Airways,16673,L,2020,1
-3883,-84928,183970,9720,16224,4145,53462,4114,274203,126982,35618,32751,82934,14634,39874,4854,359131,-33071,19790,DL,Delta Air Lines Inc.,Delta Air Lines Inc.,10260,L,2020,4
-3723.21,-4014.76,0,0,0,0,0,0,147.4,3.3,123.64,0,71.12,3963.67,0.42,0,4162.16,-3723.21,20207,XP,TEM Enterprises dba  Avelo Airlines,XTRA Airways,06144,D,2020,2
-3227.79,22034.92,132812.32,4739.94,5211.83,1382.52,2047.46,10424.45,156966.42,35395.77,11791.08,19174.33,22737.25,24252.04,6788.42,1353.71,134931.5,-12368.5,19690,HA,Hawaiian Airlines Inc.,Hawaiian Airlines Inc.,15375,P,2020,1
-2708,-3143,104588,1120,333,0,14547,886,121514,49259,13940,10858,24725,9358,9034,880,124657,-4120,19393,WN,Southwest Airlines Co.,Southwest Airlines Co.,11033,L,2020,1
-2677.48,-2775.88,2988.38,0,0,0,2.41,0.13,2990.93,2345.51,1004.28,257.87,1112.83,927.91,118.06,0.24,5766.81,-2781.26,20398,MQ,Envoy Air,Envoy Air,16820,L,2020,2
-2643.69,-5509.24,35969.58,0,16632.07,1168.38,19275.75,206.92,73252.69,37983.35,5102.88,5023.67,7100.69,14076.68,6269.11,0,78761.92,-7086.44,20416,NK,Spirit Air Lines,Spirit Air Lines,16831,L,2020,1
-2615.45,-2238.91,3412.67,0,508.58,117.08,3.61,32.35,5775.98,2798.66,970.24,672.35,1552.04,828.96,837.07,0,8014.89,-2615.45,20422,SY,Sun Country Airlines d/b/a MN Airlines,Sun Country Airlines d/b/a MN Airlines,16795,L,2020,4
-2318.82,1438.77,191346.9,151.55,26687.42,432.85,1109.12,20917.11,240663.49,86492.96,26947.96,24683.62,48850.64,14101.53,27150.72,56.99,239224.71,-3182.21,20409,B6,JetBlue Airways,JetBlue Airways,16673,L,2020,4
-2296.87,-2277.46,3762.6,0,0,0,1.55,0.26,3764.42,2313.32,1141.25,268.07,1354.83,856.81,107.2,0.21,6041.88,-2283.9,20398,MQ,Envoy Air,Envoy Air,16820,L,2020,3
-2101.47,-2110.41,4459.25,0,0,0,0,2.58,4461.83,2735.18,2391,319.24,288.76,528.26,309.8,0,6572.24,-2101.47,21167,CP (2),Compass Airlines,Compass Airlines,01131,D,2020,2
-1325.92,-1280.67,0,0,0,0,137.51,117.54,874.07,351.56,444.59,109.44,230.95,392.46,630.04,0,2154.74,-1325.92,20310,WL,"Caribbean Sun Airlines, Inc. d/b/a World Atlantic Airlines","Caribbean Sun Airlines, Inc. d/b/a World Atlantic",06076,D,2020,4
-1317.24,-1274.28,0,0,0,180.46,0,163.3,2373.39,1112.1,894.29,224.82,373.39,1006,0,0,3647.67,-1317.24,20310,WL,"Caribbean Sun Airlines, Inc. d/b/a World Atlantic Airlines","Caribbean Sun Airlines, Inc. d/b/a World Atlantic",06076,D,2020,3
-895,8088,352171,25530,3492,7053,52038,7586,456540,183036,40870,49397,90718,10508,30998,7470,448452,-4924,19790,DL,Delta Air Lines Inc.,Delta Air Lines Inc.,10262,P,2020,1
-878.16,-849.52,0,0,0,0,120.31,108.86,1582.26,741.4,596.19,149.88,248.93,670.67,0,0,2431.78,-878.16,20310,WL,"Caribbean Sun Airlines, Inc. d/b/a World Atlantic Airlines","Caribbean Sun Airlines, Inc. d/b/a World Atlantic",16076,I,2020,3
-861.6,-865.27,1828.29,0,0,0,0,1.06,1829.35,1121.42,980.31,130.89,118.39,216.58,127.02,0,2694.62,-861.6,21167,CP (2),Compass Airlines,Compass Airlines,11015,L,2020,2
-851.37,-2365.74,353.68,0,354.48,113.14,269.51,444.44,1535.24,2817.72,220.46,262.06,237.65,133.47,72.34,0,3900.99,-1354.56,20436,F9,Frontier Airlines Inc.,Frontier Airlines Inc.,16461,L,2020,3
-608.95,-1404.37,1583.09,0,0,0,0,18.81,1601.9,1166.69,1089.78,162.68,47.77,158.07,380.4,0,3006.27,-682.68,20304,OO,SkyWest Airlines Inc.,SkyWest Airlines Inc.,11025,L,2020,2
-529.85,-2238.02,664.2,617.63,57.47,10.85,0.2,6.09,2178.27,1504.77,351.59,174.88,423.8,968.68,805.68,0,4416.29,-529.85,20422,SY,Sun Country Airlines d/b/a MN Airlines,Sun Country Airlines d/b/a MN Airlines,16795,L,2020,2
-363,-884,248,15,2,0,132,5,403,497,132,138,281,62,123,10,1287,-493,19393,WN,Southwest Airlines Co.,Southwest Airlines Co.,11033,L,2020,2
-359.13,-414.37,2287.4,0,0,0,0,30.12,2317.52,981.46,937.73,192.08,139.94,142.82,336.89,0,2731.89,-437.19,20304,OO,SkyWest Airlines Inc.,SkyWest Airlines Inc.,11025,L,2020,4
-197.24,-190.34,1587.75,0,0,0,0,0,1587.75,748.39,671.02,189.97,8.35,136.49,23.86,0,1778.09,-197.02,20363,9E,Endeavor Air Inc.,Endeavor Air Inc.,11027,L,2020,1
-178.77,-744.61,1291.85,0,0,0,0,18.92,1310.76,747.13,723.74,122.54,55.1,119.77,286.44,0,2055.37,-156.43,20304,OO,SkyWest Airlines Inc.,SkyWest Airlines Inc.,11025,L,2020,3
-152.65,-107.45,2173.29,0,0,0,0,36.14,2209.43,933.53,737.78,194.52,78.01,102.9,269.12,0,2316.88,-145.47,20304,OO,SkyWest Airlines Inc.,SkyWest Airlines Inc.,11025,L,2020,1
-97.62,-97.67,398.36,0,0,0,0,0.07,398.43,132.5,227.09,53.5,35.3,42.31,5.14,0,496.1,-97.62,21167,CP (2),Compass Airlines,Compass Airlines,11015,L,2020,1
-44.67,-267.51,924.35,0,0,0,8.52,0,932.86,420.81,244.04,116.41,13.41,105.65,300.06,0,1200.37,-60.46,20452,YX,Republic Airline,Republic Airline,11029,L,2020,2
-26.57,2.5,132.82,0,0,0,0,0,132.82,57.95,49.15,14.93,0.18,6.26,1.86,0,130.32,-26.57,20363,9E,Endeavor Air Inc.,Endeavor Air Inc.,11027,L,2020,4
-20.71,-24.91,44.63,0,0,0,0,0,44.63,35.49,16.1,6.57,2.66,6.32,2.41,0,69.54,-27.41,20397,OH,PSA Airlines Inc.,PSA Airlines Inc.,11030,L,2020,4
-19.84,5.96,0,0,0,0,214.71,225.63,4187.84,1314.5,763.79,307.26,509.25,1214.32,0,0,4181.89,-19.84,20310,WL,"Caribbean Sun Airlines, Inc. d/b/a World Atlantic Airlines","Caribbean Sun Airlines, Inc. d/b/a World Atlantic",16076,I,2020,2
-9.77,2.93,0,0,0,105.76,0,111.13,2062.67,647.44,376.2,151.34,250.82,598.1,0,0,2059.74,-9.77,20310,WL,"Caribbean Sun Airlines, Inc. d/b/a World Atlantic Airlines","Caribbean Sun Airlines, Inc. d/b/a World Atlantic",06076,D,2020,2
-2.1,-3.09,62.65,0,0,0,0,0,62.65,33.09,18.36,5.15,2.58,4.96,1.59,0,65.73,-3.33,20397,OH,PSA Airlines Inc.,PSA Airlines Inc.,11030,L,2020,1
0,0,0,0,0,0,0,0,0,0,0,0,0,0,0,0,0,0,20397,OH,PSA Airlines Inc.,PSA Airlines Inc.,11030,L,2020,3
0,0,0,0,0,0,0,0,0,0,0,0,0,0,0,0,0,0,19687,QX,Horizon Air,Horizon Air,11023,L,2020,4
0,0,0,0,0,0,0,0,0,0,0,0,0,0,0,0,0,0,19687,QX,Horizon Air,Horizon Air,11023,L,2020,1
0,0,0,0,0,0,0,0,0,0,0,0,0,0,0,0,0,0,19687,QX,Horizon Air,Horizon Air,11023,L,2020,3
0,0,0,0,0,0,0,0,0,0,0,0,0,0,0,0,0,0,20397,OH,PSA Airlines Inc.,PSA Airlines Inc.,11030,L,2020,2
0,0,0,0,0,0,0,0,0,0,0,0,0,0,0,0,0,0,20363,9E,Endeavor Air Inc.,Endeavor Air Inc.,11027,L,2020,2
0,0,0,0,0,0,0,0,0,0,0,0,0,0,0,0,0,0,20363,9E,Endeavor Air Inc.,Endeavor Air Inc.,11027,L,2020,3
0,0,0,0,0,0,0,0,0,0,0,0,0,0,0,0,0,0,19687,QX,Horizon Air,Horizon Air,11023,L,2020,2
51.21,66.63,8291.83,0,0,0,2,0.35,8294.18,2818.01,1779.25,370.57,1910.06,1217.36,129.72,0.38,8227.55,65.98,20398,MQ,Envoy Air,Envoy Air,16820,L,2020,1
61.34,19.4,-0.08,0,0,0,40.2,0,40.12,0,0,0,0,-0.01,0,0,20.72,19.4,20436,F9,Frontier Airlines Inc.,Frontier Airlines Inc.,16461,L,2020,2
115.91,-94.27,615.4,0,0,0,-4.89,0,610.51,222.68,209.59,67.01,7,31.96,166.54,0,704.78,155.65,20452,YX,Republic Airline,Republic Airline,11029,L,2020,3
260.62,144.09,2953.68,0,0,0,-10.86,0,2942.82,777.78,876.34,207.39,31.26,299.71,606.24,0,2798.72,385.44,20452,YX,Republic Airline,Republic Airline,11029,L,2020,4
295.45,-1227.31,2800.22,0,0,0,0,0,2800.22,1478.46,1171.39,219.17,21.71,346,790.79,0,4027.53,295.45,20378,YV,Mesa Airlines Inc.,Mesa Airlines Inc.,11022,L,2020,2
301.61,507.72,9340.03,0,0,0,1.13,0.68,9341.83,3451.38,1578.35,416.49,1955.41,1288.45,143.4,0,8834.11,497.19,20398,MQ,Envoy Air,Envoy Air,16820,L,2020,4
321.69,343.69,0,0,0,414.44,0,0,3061.91,890.76,755.7,184.9,427.27,444.82,0,0,2718.21,321.69,20310,WL,"Caribbean Sun Airlines, Inc. d/b/a World Atlantic Airlines","Caribbean Sun Airlines, Inc. d/b/a World Atlantic",06076,D,2020,1
359.88,1309.91,15960.64,0,0,0,0,0,15960.64,4745.81,5862.06,780.17,118.61,1349.01,1795.08,0,14650.73,359.88,20378,YV,Mesa Airlines Inc.,Mesa Airlines Inc.,11022,L,2020,1
405.9,833.93,8087.27,0,0,0,116.84,0,8204.12,2255.12,2529.51,685.72,104.94,541.32,1253.57,0,7370.19,545.56,20452,YX,Republic Airline,Republic Airline,11029,L,2020,1
597.43,638.29,0,0,0,0,769.67,0,5686.4,1654.27,1403.45,343.38,793.49,826.1,0,0,5048.11,597.43,20310,WL,"Caribbean Sun Airlines, Inc. d/b/a World Atlantic Airlines","Caribbean Sun Airlines, Inc. d/b/a World Atlantic",16076,I,2020,1
623.14,623.23,2476.9,2396.84,0,0,0,0,5208.38,1740.33,771.56,22.53,616.04,72.16,347.52,0,4585.15,623.14,19690,HA,Hawaiian Airlines Inc.,Hawaiian Airlines Inc.,15375,P,2020,2
921.84,-961.77,2911.45,813.5,507.21,69.74,2.61,17.77,6309.89,2574.7,637.42,426.97,1380.23,1048.78,872.98,0,7271.66,921.84,20422,SY,Sun Country Airlines d/b/a MN Airlines,Sun Country Airlines d/b/a MN Airlines,16795,L,2020,3
1267,-40966,70597,39140,1243,1850,26478,1137,142261,74225,13682,17066,43217,7626,14874,1341,183227,-13943,19790,DL,Delta Air Lines Inc.,Delta Air Lines Inc.,10262,P,2020,4
1968.16,979.43,4224.56,0,0,0,0,0,4224.56,1483.17,1876.01,211.09,16.78,-1145.14,803.23,0,3245.13,2246.08,20378,YV,Mesa Airlines Inc.,Mesa Airlines Inc.,11022,L,2020,3
1977.99,2437.86,67061.68,0,0,0,0,17.39,67079.07,25956.92,22335.22,3643.73,1097.93,5952.34,5635.2,19.88,64641.22,2002.46,20046,ZW,Air Wisconsin Airlines Corp,Air Wisconsin Airlines Corp,06024,D,2020,1
1980.37,8434.26,80406.46,52.83,14503.06,2141.96,868.9,977.68,124428.43,58353.2,8155.87,5902.79,16141.4,12076.13,7626.71,0,115994.17,4425.64,20422,SY,Sun Country Airlines d/b/a MN Airlines,Sun Country Airlines d/b/a MN Airlines,06795,D,2020,1
1992.96,1713.17,11281.01,0,0,0,0,0,11281.01,2934.13,4384.51,507.99,70.77,194.63,1475.81,0,9567.84,1992.96,20378,YV,Mesa Airlines Inc.,Mesa Airlines Inc.,11022,L,2020,4
2005.42,-23083.48,28499.51,13542.05,6299.06,866.08,565.21,220.68,71663.89,34206.26,9149.56,5496.81,14766.82,14629.6,12055.55,0,94747.36,2928.67,20422,SY,Sun Country Airlines d/b/a MN Airlines,Sun Country Airlines d/b/a MN Airlines,06795,D,2020,3
2154.83,2803.53,348876.08,0,0,0,84.04,14.65,348974.77,118566.95,74861.33,15591.51,80365.19,51219.88,5458.01,15.82,346171.24,2776.13,20398,MQ,Envoy Air,Envoy Air,06820,D,2020,1
3101.65,12921.71,265256.59,0,0,0,-975.52,0,264281.07,69848.64,78711.59,18625.4,2807.88,26921.78,54444.07,0,251359.36,14311.07,20452,YX,Republic Airline,Republic Airline,06003,D,2020,4
4429.4,14184.29,163935.17,0,0,0,0,0,163935.17,46896.62,61418.77,7871.57,1217.86,13851.66,18494.41,0,149750.88,4429.4,20378,YV,Mesa Airlines Inc.,Mesa Airlines Inc.,06689,D,2020,1
5019.03,-111005.7,179287.04,0,0,0,73.89,12.49,179373.42,110229.26,54380.42,12773.67,64557.46,43312.17,5107.98,10.02,290379.12,5637.1,20398,MQ,Envoy Air,Envoy Air,06820,D,2020,3
5270.25,6794.84,46523.59,0,4152.11,613.23,19.88,276.91,55901.67,24617.3,3797.75,2443.49,7792.25,4594.18,2900.66,0,49106.83,5270.25,20422,SY,Sun Country Airlines d/b/a MN Airlines,Sun Country Airlines d/b/a MN Airlines,16795,L,2020,1
6542,22237,637215,9743,26125,11867,91625,18778,799077,267882,92999,86303,158498,18359,72365,18489,776840,-498,19790,DL,Delta Air Lines Inc.,Delta Air Lines Inc.,10260,L,2020,1
8292.82,-9870.05,27298.12,0,0,0,0,20.51,27318.62,13919.02,9145.24,1947.82,807.16,5903.77,5443.69,21.98,37188.67,8279.69,20046,ZW,Air Wisconsin Airlines Corp,Air Wisconsin Airlines Corp,06024,D,2020,3
8679.19,12808.65,675977.57,0,0,0,0,9865.47,717185.84,333114.03,194575.91,48640.26,44455.8,31495.3,51505.78,0,704377.19,10847.75,20304,OO,SkyWest Airlines Inc.,SkyWest Airlines Inc.,06700,D,2020,1
9127.98,14530.18,30357.19,0,4681.78,1808.89,507.93,6583.71,43939.5,18864.71,1566.04,1561.02,5378.55,644.77,116.09,0,29409.32,14659.04,20436,F9,Frontier Airlines Inc.,Frontier Airlines Inc.,16461,L,2020,1
9718.97,16360.86,300974.22,0,0,0,36.31,21.76,301032.29,111217.63,50861.05,13421.16,63011.45,41519.15,4621.05,0.04,284671.43,16021.36,20398,MQ,Envoy Air,Envoy Air,06820,D,2020,4
9935.65,-26269.57,70297.85,0,0,0,0,0,70297.85,35037.7,27832.89,5305.98,516.18,8226.48,19648.17,0,96567.41,9935.65,20378,YV,Mesa Airlines Inc.,Mesa Airlines Inc.,06689,D,2020,2
11141,30232,744195,58152,16292,18340,111126,4508,967216,376714,91013,104976,192789,22331,69375,4438,936984,2578,19790,DL,Delta Air Lines Inc.,Delta Air Lines Inc.,10261,A,2020,1
12187,19796,104927,0,0,0,91,0,105018,18322,22394,7329,2892,17436,16851,0,85222,15328,19687,QX,Horizon Air,Horizon Air,06580,D,2020,4
17083.59,35104.34,340488.45,0,0,0,4919.31,0,345407.76,94945.16,106501.41,28870.03,4418.51,22791.52,52776.79,0,310303.42,22963.44,20452,YX,Republic Airline,Republic Airline,06003,D,2020,1
17296.17,-80572.1,130274.24,0,17308.07,12941.01,830.23,32867.57,194221.11,149239.4,23086.22,24454.62,26507.1,29244.13,6537.27,0,274793.21,5469.82,20436,F9,Frontier Airlines Inc.,Frontier Airlines Inc.,06460,D,2020,2
23256.93,-154621.13,411793.34,0,0,0,0,5289.68,449046.21,273425.98,176843.48,32829.15,25865.29,35045.84,59372.54,0,603667.34,32302.88,20304,OO,SkyWest Airlines Inc.,SkyWest Airlines Inc.,06700,D,2020,3
28267.47,24984.26,138273.71,0,0,0,0,0,138273.71,35977.06,49300.83,6103.13,830.43,2283.92,18794.07,0,113289.44,28267.47,20378,YV,Mesa Airlines Inc.,Mesa Airlines Inc.,06689,D,2020,4
29778.84,38659.28,299862.94,0,57336.92,16311.73,58.14,4116.19,386604.76,158833.3,34689.47,23686.02,42751.16,27712.06,41923.68,0,347945.48,29778.84,20368,G4,Allegiant Air,Allegiant Air,06035,D,2020,1
35389,14137,80599,0,0,0,12,0,80611,16969,11902,5023,2425,13157,16998,0,66474,45075,19687,QX,Horizon Air,Horizon Air,06580,D,2020,2
40485.82,31310.54,74753.81,0,0,0,0,23.58,74777.39,14572.65,16147.21,3569.71,1011.86,2673.23,5468.85,23.34,43466.85,39250.66,20046,ZW,Air Wisconsin Airlines Corp,Air Wisconsin Airlines Corp,06024,D,2020,4
41223,15293,95511,0,0,0,-1,0,95509,18604,12821,7107,3436,21321,16928,0,80216,52506,19687,QX,Horizon Air,Horizon Air,06580,D,2020,3
50054.25,26463.66,103481.85,0,0,0,0,0,103481.85,34500.45,44826.42,4975.15,400.27,-27322.24,19638.14,0,77018.19,56685.09,20378,YV,Mesa Airlines Inc.,Mesa Airlines Inc.,06689,D,2020,3
72266.55,-30521.13,198341.6,0,0,0,-1575.73,0,196765.87,71776.13,67631.23,21602.17,2260.37,10337.01,53680.09,0,227287,85074.03,20452,YX,Republic Airline,Republic Airline,06003,D,2020,3
74164.17,-47850.79,165094.19,0,0,0,1520.81,0,166615,75162.65,43623.28,20793.58,2399.28,18889.98,53597.03,0,214465.8,71343.81,20452,YX,Republic Airline,Republic Airline,06003,D,2020,2
-941392.18,-1974123,1567184,38053,105263,12282,392432,1250679,3448374,1412942,436891,349647,932730,434033,387126,1238359,5422497,-1208776.18,19790,DL,Delta Air Lines Inc.,Delta Air Lines Inc.,01260,D,2021,1
-924150.88,-2054835.6,997084.39,40153.37,93310.1,9670.67,-528.42,944754.06,2111344.29,864261.41,351691.9,284329.18,1043206.74,440109.22,341284.37,730431.07,4166179.89,-1191760.05,19977,UA,United Air Lines Inc.,United Air Lines Inc.,0A875,D,2021,1
-856832.27,-856832.27,422854.74,45838.78,38473.36,1112.33,96906.06,19122.5,629698.9,486969.96,211242.33,125815.42,211761.85,282659.16,115353.54,1554.53,1486531.17,-856832.27,19805,AA,American Airlines Inc.,American Airlines Inc.,10050,L,2021,1
-369229.07,-369229.07,118153.52,127306.48,2785.34,136.56,16257.03,3483.08,280441.06,245388.56,82256.51,52811.22,89054.44,106713.43,41671.89,966.18,649670.12,-369229.07,19805,AA,American Airlines Inc.,American Airlines Inc.,10049,A,2021,2
-321400.71,-321400.71,386790.47,146025.61,7391.5,340.53,53279.96,13590.64,620046.9,355939.47,123199.95,83055.72,128826.83,146911.05,55729.97,1546.93,941447.61,-321400.71,19805,AA,American Airlines Inc.,American Airlines Inc.,10049,A,2021,3
-258213.16,-20058.96,383881.69,0,165478.6,12352.29,207171.31,1915.84,770799.74,388688.49,53183.44,47341.84,74726.85,129175.76,66111.32,0,790858.7,-245159.38,20416,NK,Spirit Air Lines,Spirit Air Lines,06830,D,2021,2
-205981.46,-459002.16,414088.11,232.32,54680.1,938.09,2479.91,42472.73,516832.39,371238.25,114870.78,85464.91,187907.52,89199.65,91678.17,171.72,975834.55,-289524.74,20409,B6,JetBlue Airways,JetBlue Airways,06673,D,2021,1
-200488.26,-518970.94,261487.44,38083.44,30191.69,1888.04,706.08,58578.55,391537.86,276568.11,90549.56,89468.66,187670.72,109948.83,88484.4,33612.39,910508.8,-258577.77,19977,UA,United Air Lines Inc.,United Air Lines Inc.,10876,L,2021,1
-175770.56,-175770.56,847429.27,52788.29,65329.24,1131.67,98885.52,22046.41,1092728.88,457596.14,168081.19,107070.42,181601.54,204692.36,85803.99,1901.95,1268499.44,-175770.56,19805,AA,American Airlines Inc.,American Airlines Inc.,10050,L,2021,2
-172561,-554060,388275,17564,35807,38554,14082,234644,745441,349051,101133,93250,175508,136585,71513,316594,1299501,-221235,19930,AS,Alaska Airlines Inc.,Alaska Airlines Inc.,06031,D,2021,1
-166685,-289992,204911,17999,15908,2361,60964,6902,311230,236853,68591,40672,108496,50487,62445,6834,601222,-197788,19790,DL,Delta Air Lines Inc.,Delta Air Lines Inc.,10260,L,2021,1
-151956.87,-2375917.28,1656281.4,35267.1,149146.26,5916.43,406010.01,842483.84,3100740.16,1447585.38,612223.13,364283.68,615792.35,819458.7,333059.67,1134421.81,5476657.44,-466330.12,19805,AA,American Airlines Inc.,American Airlines Inc.,0A050,D,2021,1
-143506.89,-685817.92,2053765.91,48484.65,140581.96,8968.14,1570.55,1470086.84,3766732,1076962.9,367667.99,270456.11,1027472.88,342298.29,342281.09,882182.67,4452549.93,-217658.18,19977,UA,United Air Lines Inc.,United Air Lines Inc.,0A875,D,2021,2
-139420.97,-272246.35,84422.86,194182.26,2138.93,567.41,1062.62,5516.13,307816.3,240856.47,43759.14,87426.01,63220,51267.68,69803.83,2270.13,580062.66,-180070.07,19977,UA,United Air Lines Inc.,United Air Lines Inc.,10877,P,2021,1
-137161.05,-137161.05,20191.22,99598.03,758.41,63.79,5831.98,1147.54,138990.72,118193.43,32432.75,19335.86,32880.56,47375.27,17527.64,236.13,276151.78,-137161.05,19805,AA,American Airlines Inc.,American Airlines Inc.,10049,A,2021,1
-117682,-290611.39,537789.6,41559.7,53675.49,1860.38,358.31,90332.65,727570.27,340199.11,99571.77,84097.37,220583.54,85299.19,102350.38,41296.26,1018181.66,-141578.69,19977,UA,United Air Lines Inc.,United Air Lines Inc.,10876,L,2021,2
-113335.65,-167696.65,128751.9,230946.79,2328.14,452.56,85.74,7954.98,391805.84,250921.61,35112.43,69621.42,76938.88,39739.19,61704.59,3465.41,559502.5,-122655.3,19977,UA,United Air Lines Inc.,United Air Lines Inc.,10877,P,2021,2
-99516.81,-248331.44,186333.37,0,104790.74,1169.46,115199.19,1200.33,408693.09,304193.85,43622.55,46601.03,66132.63,109687.37,65840.36,0,657024.53,-122428.98,20416,NK,Spirit Air Lines,Spirit Air Lines,06830,D,2021,1
-92667.78,-344064.43,195435.29,186455.26,8345.34,1413.36,139.1,10693.87,409903.76,251535.73,50516.21,95869.76,122224.75,101918.9,90923.29,6439.34,753968.18,-119960.8,19977,UA,United Air Lines Inc.,United Air Lines Inc.,10874,A,2021,1
-86033.65,-203287.59,117643.84,0,65342.22,6878.65,1335.19,67557.88,258757.77,296753.64,34217.44,28843.21,71091.62,5695.32,7328.24,0,462045.36,-106517.86,20436,F9,Frontier Airlines Inc.,Frontier Airlines Inc.,06460,D,2021,1
-78687.12,-31256.34,160767.23,0,0,0,0,0,160767.23,87587.79,66832.93,21688.91,351.79,13254.91,2307.24,0,192023.57,-78687.12,20363,9E,Endeavor Air Inc.,Endeavor Air Inc.,07024,D,2021,3
-69665.56,-69665.56,19192.47,101260.44,262.8,61.69,4449.66,877.28,138068.21,103389.19,22441.67,13369.79,22287.65,28446.91,12366.1,166.57,207733.77,-69665.56,19805,AA,American Airlines Inc.,American Airlines Inc.,10052,P,2021,1
-66750.76,-27419.3,158696.65,0,0,0,0,0,158696.65,81118.27,64847.65,21099.22,325.48,16424.36,2300.98,0,186115.94,-66750.76,20363,9E,Endeavor Air Inc.,Endeavor Air Inc.,07024,D,2021,2
-60649.35,-60649.35,38821.31,80477.63,648,51.67,4146.52,920.54,132926.44,92310.02,21052.39,13383.81,22741.07,25385.47,10764.92,236.76,193575.79,-60649.35,19805,AA,American Airlines Inc.,American Airlines Inc.,10052,P,2021,2
-59300.82,-204706.55,310412.99,244289.65,10430.01,1090.42,207.12,12887.11,585570.41,300944.14,51930.09,89328.85,134763.59,82449.83,80103.19,6788.92,790276.97,-82488.94,19977,UA,United Air Lines Inc.,United Air Lines Inc.,10874,A,2021,2
-56558.96,-25403.06,142967.81,0,0,0,0,0,142967.81,73503.43,66863.85,18781.92,332.85,6695.69,2193.12,0,168370.86,-56558.96,20363,9E,Endeavor Air Inc.,Endeavor Air Inc.,07024,D,2021,1
-52745,-158198,119741,66993,11763,1636,49146,546,262694,162796,34308,34783,92789,43178,29539,541,420892,-79344,19790,DL,Delta Air Lines Inc.,Delta Air Lines Inc.,10261,A,2021,1
-51860.54,-199409.37,117437.88,13061.6,6995,358.84,2369.89,21003.37,162336.02,125539.48,46834.64,34837.7,53933.52,46051.9,31982.76,4919.65,361745.38,-66739.07,19690,HA,Hawaiian Airlines Inc.,Hawaiian Airlines Inc.,05375,D,2021,1
-40603.57,-122291.71,170912.98,102.73,24180.04,414.83,1096.64,18781.83,215678.23,121694.06,37412.06,32949.61,65064.17,34033.06,32923.87,67.24,337969.93,-57071.82,20409,B6,JetBlue Airways,JetBlue Airways,16673,L,2021,1
-39511.28,-101510.5,289409.83,0,0,0,54.6,14.92,289479.35,129431.46,70310.51,14421.27,81482.26,90618.24,4669.81,3.29,390989.85,-50867.1,20398,MQ,Envoy Air,Envoy Air,06820,D,2021,3
-32194.41,-32194.41,43426.15,65847.73,790.36,38.93,4521.9,1153.54,121484.3,72942.19,16957.57,11547.36,17836.66,20061.73,7658.66,215.57,153678.71,-32194.41,19805,AA,American Airlines Inc.,American Airlines Inc.,10052,P,2021,3
-29649.89,-2303.31,44080.06,0,19001.45,1418.38,23788.9,219.99,88508.78,44632.01,6106.91,5436.13,8580.68,14832.89,7591.38,0,90812.09,-28150.97,20416,NK,Spirit Air Lines,Spirit Air Lines,16831,L,2021,2
-25228.5,-61525.51,166106.1,0,0,0,0,0,166106.1,127888,54350.07,16012.43,7987.47,14697.24,6696.39,0,227631.61,-32486.42,20397,OH,PSA Airlines Inc.,PSA Airlines Inc.,07028,D,2021,3
-20933.94,-20933.94,868637.09,56144.45,64874.34,750.54,89927.79,22946.31,1108135.27,411223.7,150583.56,102403.53,158240.89,179389.25,68036.93,1911.41,1129069.21,-20933.94,19805,AA,American Airlines Inc.,American Airlines Inc.,10050,L,2021,3
-20586,-72598,57885,43935,1113,311,24157,1494,130362,77874,15189,17156,45766,21296,12877,1480,202960,-33706,19790,DL,Delta Air Lines Inc.,Delta Air Lines Inc.,10262,P,2021,1
-15746.43,-18740.35,827.22,1967.45,1297.5,24.13,237.48,2011.84,14792.73,13570.18,3641.37,3408.66,4692.13,3203.23,2032.26,119.45,33533.08,-15474.28,19690,HA,Hawaiian Airlines Inc.,Hawaiian Airlines Inc.,15375,P,2021,3
-15734,-57170,42875,-213,3954,4257,0,0,51367,38544,11168,10297,19380,15082,7897,0,108537,-20171,19930,AS,Alaska Airlines Inc.,Alaska Airlines Inc.,16031,L,2021,1
-15677.02,-49201.93,673540.19,0,0,0,0,7910.51,722297.61,338465.58,242825.52,52206,38992.43,45392.04,53032.27,0,771499.54,-19184.37,20304,OO,SkyWest Airlines Inc.,SkyWest Airlines Inc.,06700,D,2021,3
-12804.65,-31952.35,23975.17,0,13483.23,150.47,14822.47,154.44,52585.79,39140.07,5612.83,5996.07,8509.17,14113.27,8471.56,0,84538.14,-15752.71,20416,NK,Spirit Air Lines,Spirit Air Lines,16831,L,2021,1
-10131.83,-21898.86,118842.09,0,0,0,0,0,118842.09,43703.65,57091.13,7797.23,296.66,13849.13,18003.15,0,140740.95,-3389.42,20378,YV,Mesa Airlines Inc.,Mesa Airlines Inc.,06689,D,2021,3
-7152.61,-19590.39,5006.79,7708.1,589.78,30.26,199.82,1762.67,19168.88,16307.92,5216.3,2886.49,4732.08,3788.44,3253.91,56.49,38759.28,-8407.08,19690,HA,Hawaiian Airlines Inc.,Hawaiian Airlines Inc.,15375,P,2021,1
-5305.6,-9495.78,6658.36,8625.22,1106.41,24.93,201.76,1710.46,25959.33,16213.57,3812,2846.56,4335.84,3154.53,2621.73,64.93,35455.11,-5431.41,19690,HA,Hawaiian Airlines Inc.,Hawaiian Airlines Inc.,15375,P,2021,2
-5019.67,-13119.2,7203.41,0,2349.89,247.38,207.72,2429.57,12437.97,16850.68,1474.42,1732.37,4175.11,130.78,345.92,0,25557.17,-6214.83,20436,F9,Frontier Airlines Inc.,Frontier Airlines Inc.,16461,L,2021,1
-3662.68,-3646.4,5763.54,0,0,0,2.57,0.54,5766.65,3342.56,1915.35,444.3,2166.3,1390.56,153.59,0.01,9413.05,-3647.61,20398,MQ,Envoy Air,Envoy Air,16820,L,2021,1
-3441.15,-42062.08,157429.98,0,0,0,0,0,157429.98,93337.01,59529.7,16352.3,7979.55,15717.39,6576.1,0,199492.06,-4151.58,20397,OH,PSA Airlines Inc.,PSA Airlines Inc.,07028,D,2021,2
-3084,-36700,82608,59602,1205,332,22855,1376,168173,100529,14934,14654,34245,14393,13463,1077,204873,354,19790,DL,Delta Air Lines Inc.,Delta Air Lines Inc.,10262,P,2021,2
-2971.84,-58883.46,127135.17,0,0,0,0,0,127135.17,89885.02,49723.46,14332.48,8611.09,16924.02,6542.55,0,186018.63,-3760.2,20397,OH,PSA Airlines Inc.,PSA Airlines Inc.,07028,D,2021,1
-2928.22,-2872.61,9573.22,0,0,0,4.57,0.88,9578.67,4236.8,2437.82,698.93,3103.17,1786.11,187.5,0,12451.28,-2873.06,20398,MQ,Envoy Air,Envoy Air,16820,L,2021,2
-2800.8,-3243.51,11302.83,0,0,0,2.13,0.58,11305.55,5054.91,2745.96,563.22,3182.27,2818.12,182.38,0.13,14549.06,-3244.3,20398,MQ,Envoy Air,Envoy Air,16820,L,2021,3
-1726.07,-2363,6420.84,0,0,0,0,0,6420.84,2324.11,4653.49,425.84,16.06,749.63,614.71,0,8783.84,-1361.11,20378,YV,Mesa Airlines Inc.,Mesa Airlines Inc.,11022,L,2021,3
-1008.62,-5587.89,14442.38,290.33,1860.98,556.79,10.21,133.23,20111.82,9803.52,1931.7,1580.54,5410.46,3499.63,2271.49,0,25699.72,-1008.62,20422,SY,Sun Country Airlines d/b/a MN Airlines,Sun Country Airlines d/b/a MN Airlines,16795,L,2021,1
-550.79,-1793.61,7630.28,0,0,0,0,0,7630.28,2717.75,4070.15,510.51,43.58,1230.29,851.61,0,9423.89,-550.79,20378,YV,Mesa Airlines Inc.,Mesa Airlines Inc.,11022,L,2021,2
-537.68,-213.58,1098.54,0,0,0,0,0,1098.54,598.5,456.68,148.2,2.4,90.57,15.77,0,1312.12,-537.68,20363,9E,Endeavor Air Inc.,Endeavor Air Inc.,11027,L,2021,3
-450.81,-4397.16,7421.95,0,0,0,0,0,7421.95,3319.46,5524.54,525.54,59.42,950.59,1439.54,0,11819.1,-450.81,20378,YV,Mesa Airlines Inc.,Mesa Airlines Inc.,11022,L,2021,1
-441.47,-181.34,1049.57,0,0,0,0,0,1049.57,536.49,428.88,139.54,2.15,108.63,15.22,0,1230.92,-441.47,20363,9E,Endeavor Air Inc.,Endeavor Air Inc.,11027,L,2021,2
-262.22,-117.78,662.83,0,0,0,0,0,662.83,340.78,310,87.08,1.54,31.04,10.17,0,780.61,-262.22,20363,9E,Endeavor Air Inc.,Endeavor Air Inc.,11027,L,2021,1
-178.53,-1449.16,3378.89,0,0,0,0,52.09,3430.98,1738.63,1996.74,351.82,74.12,243.54,473,0,4880.14,-132.34,20304,OO,SkyWest Airlines Inc.,SkyWest Airlines Inc.,11025,L,2021,1
-35.47,-90,249.53,0,0,0,0,0,249.53,192.11,79.24,24.05,11.98,22.09,10.06,0,339.54,-46.38,20397,OH,PSA Airlines Inc.,PSA Airlines Inc.,11030,L,2021,3
-4.91,-105.73,229.26,0,0,0,0,0,229.26,162.08,89.24,25.85,15.51,30.51,11.8,0,334.99,-6.33,20397,OH,PSA Airlines Inc.,PSA Airlines Inc.,11030,L,2021,1
-2.08,-25.27,94.52,0,0,0,0,0,94.52,56.03,35.81,9.82,4.76,9.42,3.95,0,119.78,-2.51,20397,OH,PSA Airlines Inc.,PSA Airlines Inc.,11030,L,2021,2
0,0,0,0,0,0,0,0,0,0,0,0,0,0,0,0,0,0,19687,QX,Horizon Air,Horizon Air,11023,L,2021,3
0,0,0,0,0,0,0,0,0,0,0,0,0,0,0,0,0,0,19687,QX,Horizon Air,Horizon Air,11023,L,2021,1
0,0,0,0,0,0,0,0,0,0,0,0,0,0,0,0,0,0,19687,QX,Horizon Air,Horizon Air,11023,L,2021,2
123.35,58.78,768.8,0,0,0,20.84,0,789.64,231.86,244.58,82.53,9.11,66.87,95.92,0,730.87,162.44,20452,YX,Republic Airline,Republic Airline,11029,L,2021,2
129.39,-8.44,656.51,0,0,0,15.44,0,671.95,217.99,230.06,75.24,8.33,64.18,84.59,0,680.39,175.67,20452,YX,Republic Airline,Republic Airline,11029,L,2021,3
177.41,-470.57,3957.39,0,0,0,0,38.26,3995.65,1908.73,1469.35,347.72,92.62,240.52,404.8,0,4466.22,244.11,20304,OO,SkyWest Airlines Inc.,SkyWest Airlines Inc.,11025,L,2021,2
431.34,-17774.2,114083,0,0,0,0,0,114083,39396.24,48588.11,7106.29,638.42,18022.09,18106.06,0,131857.21,431.34,20378,YV,Mesa Airlines Inc.,Mesa Airlines Inc.,06689,D,2021,2
459.37,-348.61,4696.57,0,0,0,0,42.6,4739.17,2320.28,1562.75,405.91,130.39,297.32,368.61,0,5087.77,433.38,20304,OO,SkyWest Airlines Inc.,SkyWest Airlines Inc.,11025,L,2021,3
746.22,-454.82,4044.29,0,0,0,20.52,0,4064.81,1415.4,1568,425.51,57.56,458.78,594.39,0,4519.63,987.77,20452,YX,Republic Airline,Republic Airline,11029,L,2021,1
833.78,890.16,4314.86,0.78,214.48,24.3,9.75,144.38,4708.55,1259.09,198.29,473.89,1167.73,293.15,186.99,1.54,3818.4,1221.31,20409,B6,JetBlue Airways,JetBlue Airways,10875,A,2021,3
1935.42,-9479.71,62474.44,0,23254.93,2611.33,32270.56,253.46,120864.71,63878.37,8085.28,7337.92,10763.04,25824.57,9728.09,0,130344.42,-2227.18,20416,NK,Spirit Air Lines,Spirit Air Lines,16831,L,2021,3
1967.04,-1154.41,17175.45,0,7077.06,2272.47,384.18,8055.76,34964.92,20765.01,2131.63,1975.01,7655.22,1248.5,493.23,0,36119.33,3456.16,20436,F9,Frontier Airlines Inc.,Frontier Airlines Inc.,16461,L,2021,3
2685.03,-2898.06,13118.15,0,6040.01,1389.22,536.68,6483.66,27567.72,17369.35,1847.89,1951.69,6558.72,777.99,481.75,0,30465.78,1917.74,20436,F9,Frontier Airlines Inc.,Frontier Airlines Inc.,16461,L,2021,2
2745,-24137,38140,997,236,0,8865,359,48686,26177,9554,4753,15389,5384,7426,659,72823,3458,19393,WN,Southwest Airlines Co.,Southwest Airlines Co.,11033,L,2021,1
2872,3298,62518,-134,3485,3893,0,0,70148,27697,6490,7418,12249,4731,3990,0,66849,3681,19930,AS,Alaska Airlines Inc.,Alaska Airlines Inc.,16031,L,2021,3
4113.19,-57551.76,319320.91,15852.11,17510.88,394.57,3193.15,27171.4,384061.56,162749.59,51901.35,46412.01,69033.36,50198.81,32602.95,3816.93,441613.32,2122,19690,HA,Hawaiian Airlines Inc.,Hawaiian Airlines Inc.,05375,D,2021,2
5424.65,-111967.21,174218.74,0,0,0,77.69,16.46,174312.89,101037.98,57896.61,13430.26,65482.45,43778.37,4642.69,0.23,286280.1,5880.02,20398,MQ,Envoy Air,Envoy Air,06820,D,2021,1
6738.32,7169.74,11572.61,509.59,1828.14,433.05,-17.17,77.98,19965.65,4985.03,978.75,839.3,2930.76,1357.77,1055.64,0,12795.91,6738.32,20422,SY,Sun Country Airlines d/b/a MN Airlines,Sun Country Airlines d/b/a MN Airlines,16795,L,2021,3
7148,14424,107021,0,0,0,1,0,107022,20713,22692,7478,6390,18218,17108,0,92599,9459,19687,QX,Horizon Air,Horizon Air,06580,D,2021,3
7165,14763.8,80078.65,23992.82,15926.08,3772.55,628.35,679.29,153697.14,56838.76,13805.29,7897.45,23622.11,16915.06,12973.06,0,138933.34,9461.87,20422,SY,Sun Country Airlines d/b/a MN Airlines,Sun Country Airlines d/b/a MN Airlines,06795,D,2021,3
7997.63,-71318.27,237674.72,0,0,0,113.5,21.87,237810.09,105187.1,60523.79,17352.3,77042.61,44343.71,4655.14,-0.06,309128.36,9367.03,20398,MQ,Envoy Air,Envoy Air,06820,D,2021,2
8687.01,3370.99,12786.56,1897.23,1873.09,377.52,11.64,87.95,18821.99,5882.92,1622.14,891.26,2966.18,1867.29,1381.12,0,15451,8687.01,20422,SY,Sun Country Airlines d/b/a MN Airlines,Sun Country Airlines d/b/a MN Airlines,16795,L,2021,2
8742.95,-36622.25,89327.53,0,0,0,0,0,89327.53,41721.02,47016.56,6524.72,683.06,10927.54,19076.88,0,125949.77,8742.95,20378,YV,Mesa Airlines Inc.,Mesa Airlines Inc.,06689,D,2021,1
9309.28,-74731.03,202665.11,0,41330.16,7654.93,446.58,3996.98,263786.13,155806.79,35017.74,23564.38,44700.77,25632.99,42608.24,0,338517.16,9309.28,20368,G4,Allegiant Air,Allegiant Air,06035,D,2021,1
10157.29,-173144.3,469557.57,0,0,0,0,8361.53,516174.26,290758.12,231178.28,45556.86,34648.52,36867.78,49852.97,0,689318.56,15809.4,20304,OO,SkyWest Airlines Inc.,SkyWest Airlines Inc.,06700,D,2021,1
10986,-4115,107105,1511,488,0,16568,686,126602,50186,12963,11611,27059,11542,10095,939,130717,15853,19393,WN,Southwest Airlines Co.,Southwest Airlines Co.,11033,L,2021,2
12838.75,-62884.48,414429.66,0,154263.6,17322.5,214069.61,1681.31,801766.69,423742.78,53634.39,48676.7,71397.54,171309.55,64532.15,0,864651.16,-14774.2,20416,NK,Spirit Air Lines,Spirit Air Lines,06830,D,2021,3
13424.67,-2021.6,47734.53,21315.19,10545.23,3155.03,615.12,754.97,107500.3,41346.69,11270.94,5237.45,19487.59,16231.69,10343.59,0,109521.9,18830.88,20422,SY,Sun Country Airlines d/b/a MN Airlines,Sun Country Airlines d/b/a MN Airlines,06795,D,2021,1
13729.8,-3881.27,275753.39,0,0,0,6485.59,0,282238.98,91577.43,96835.33,31608.11,3510.46,27049.09,35539.84,0,286120.25,33170.53,20452,YX,Republic Airline,Republic Airline,06003,D,2021,3
14341.71,-78649.43,654043.76,44390.81,60315.87,1676.38,304.24,88119.66,848821.83,337481.47,86381.98,78123.62,194483.2,62576.36,79686.75,44435.67,927471.26,16026.08,19977,UA,United Air Lines Inc.,United Air Lines Inc.,10876,L,2021,3
14558,-965,131625,1506,552,0,17858,853,152776,61972,15158,14562,30733,12481,10534,944,153741,19597,19393,WN,Southwest Airlines Co.,Southwest Airlines Co.,11033,L,2021,3
16092.43,-61230.31,242171.61,0,119057.94,27383.72,5355.65,127817.25,521786.17,354051.71,36711.88,35050.17,107037.99,12367.44,10197.91,0,583016.49,11493.79,20436,F9,Frontier Airlines Inc.,Frontier Airlines Inc.,06460,D,2021,2
16748,-8649,63309,-115,4023,1970,0,0,69557,31548,8789,8202,14746,4749,5154,0,78206,22026,19930,AS,Alaska Airlines Inc.,Alaska Airlines Inc.,16031,L,2021,2
19447.37,2853.4,52845.29,0,0,0,0,15.03,52860.32,18609.9,17065.98,3102.36,792.55,5095.6,5331.95,8.58,50006.92,25632.77,20046,ZW,Air Wisconsin Airlines Corp,Air Wisconsin Airlines Corp,06024,D,2021,2
21392.91,-27787.39,278755.39,0,125853.34,40412.01,6829.35,143288.49,595138.58,379873.32,39375.79,38701.07,106350.11,17444.57,9525.98,0,622925.97,37588.08,20436,F9,Frontier Airlines Inc.,Frontier Airlines Inc.,06460,D,2021,3
24085.63,3981.9,49756.13,0,0,0,0,18.3,49774.43,16518.33,15802.83,2167.01,824.6,5145.74,5318.03,15.99,45792.53,31706.67,20046,ZW,Air Wisconsin Airlines Corp,Air Wisconsin Airlines Corp,06024,D,2021,1
27951,8128,130492,64254,1699,505,27751,2088,226996,95493,19196,19017,40845,14721,12741,1606,218868,37052,19790,DL,Delta Air Lines Inc.,Delta Air Lines Inc.,10262,P,2021,3
30220,-59306,254513,95150,17740,2064,62161,700,446262,233108,38193,39028,91204,38333,34320,548,505568,39377,19790,DL,Delta Air Lines Inc.,Delta Air Lines Inc.,10261,A,2021,2
31019.22,-168353.77,948275.47,426.63,88428.68,2632.98,4353.4,79100.53,1123598.93,516638.56,167327.14,111958.9,256366,76594.76,100173.82,350.66,1291952.7,27654.85,20409,B6,JetBlue Airways,JetBlue Airways,06673,D,2021,2
31934.29,-14605.53,413901.64,19276.87,20156.14,374.75,3689.12,31740.42,493226.2,193103.2,63666.35,55210.03,81841.13,49772.17,32646.86,1858.05,507831.73,36162.13,19690,HA,Hawaiian Airlines Inc.,Hawaiian Airlines Inc.,05375,D,2021,3
32430.52,-40996.85,303815.12,172.91,35839.14,1067.12,1764.39,32058.55,375401.21,165907.92,53670.04,37765.72,79848.27,28227.05,33191.06,120.28,416398.06,28913.08,20409,B6,JetBlue Airways,JetBlue Airways,16673,L,2021,2
33883.38,-63266.44,587887.04,0,0,0,0,7526.68,636536,307398.44,220672.79,47577.9,33096.73,37772.74,52746.29,0,699802.44,44154.1,20304,OO,SkyWest Airlines Inc.,SkyWest Airlines Inc.,06700,D,2021,2
34704.36,15499.99,71866.07,0,0,0,0,20.74,71886.81,21865.46,19215.57,3965.78,949.65,4927.8,5446.06,16.51,56386.82,42257.73,20046,ZW,Air Wisconsin Airlines Corp,Air Wisconsin Airlines Corp,06024,D,2021,3
40855,16499,104118,0,0,0,77,0,104196,18334,24792,7883,4282,15510,16896,0,87697,52689,19687,QX,Horizon Air,Horizon Air,06580,D,2021,1
42397.65,20127.64,324774.31,0,68887.94,23307.73,26005.75,5371.72,459464.4,189311.24,43276.92,22830.94,73904.96,39823.21,45835.38,0,439336.76,53374.64,20368,G4,Allegiant Air,Allegiant Air,06035,D,2021,3
43066.05,6043.36,64242.98,20263.62,14003.2,2822.3,782.68,657.55,130367.01,48247.53,14626.72,7106.71,19017.39,16495.2,12078.54,0,124323.65,52534.53,20422,SY,Sun Country Airlines d/b/a MN Airlines,Sun Country Airlines d/b/a MN Airlines,06795,D,2021,2
47138.37,32508.04,204850.24,130182.63,3392.39,538.92,92.41,14908.33,373708.85,142292.56,20765.86,40286.52,45951.72,32187.29,31315.45,3730.93,341200.81,59179.48,19977,UA,United Air Lines Inc.,United Air Lines Inc.,10877,P,2021,3
47885.79,-25093.34,222934.6,0,0,0,1131.07,0,224065.67,78022.6,86446.57,23456.05,3173.97,25294.35,32765.47,0,249159.01,61200.68,20452,YX,Republic Airline,Republic Airline,06003,D,2021,1
49169,19151,110545,0,0,0,28,0,110572,18496,26661,8132,5976,15439,16718,0,91422,62418,19687,QX,Horizon Air,Horizon Air,06580,D,2021,2
51375.87,-61715.98,817247.66,241934.57,18497.38,2171.04,381.69,28811.35,1115721.11,463370.41,78601.64,147840.54,192701.43,98424.76,117323.68,12723.99,1177437.1,69334.77,19977,UA,United Air Lines Inc.,United Air Lines Inc.,10874,A,2021,3
59991,-42828,383404,17015,25934,2892,76077,12740,519054,220185,53674,44823,104745,44025,49042,9976,561882,70508,19790,DL,Delta Air Lines Inc.,Delta Air Lines Inc.,10260,L,2021,2
63842.36,57779.21,465639.5,190.95,52331.56,5927.94,2378.87,35225.95,563615.5,205962.48,69340.61,45977.36,92543.46,31707.73,36237.44,166.26,505836.29,93515.76,20409,B6,JetBlue Airways,JetBlue Airways,16673,L,2021,3
65132.94,-58275.24,1185382.03,430.55,117999.17,13366.54,5363.96,79428.8,1403404.55,584931.61,197322.7,128109.08,286990.28,89252.59,103186.03,462.87,1461679.8,95406.2,20409,B6,JetBlue Airways,JetBlue Airways,06673,D,2021,3
76905.67,20697.43,274006.15,0,0,0,7429.26,0,281435.41,82651.43,87331.42,29420.68,3256.08,23884.17,34194.2,0,260737.99,90836.48,20452,YX,Republic Airline,Republic Airline,06003,D,2021,2
97910.47,80454.48,351044.02,0,67958.82,17469.25,24548.95,5727.6,471882.78,176737.76,34497.35,22858.69,59092.19,34774.25,43957.76,0,391428.3,125454.62,20368,G4,Allegiant Air,Allegiant Air,06035,D,2021,2
112868,-993014,1569058,41031,9729,3965.71,364703,14759,2002938,1076890,393050,195535,633088,221494,305534,27150,2995952,142194,19393,WN,Southwest Airlines Co.,Southwest Airlines Co.,06725,D,2021,1
117536,66396,452337,14580,28721,3186,76027,14825,590660,182711,58874,49061,105370,37977,39531,11400,524264,141014,19790,DL,Delta Air Lines Inc.,Delta Air Lines Inc.,10260,L,2021,3
176316,220832,1211296,23615,67515,75424,34745,447844,1881289,536621,125736,143731,237331,91663,77302,365250,1660457,225974,19930,AS,Alaska Airlines Inc.,Alaska Airlines Inc.,06031,D,2021,3
189586,107600,655936,102939,25635,4033,117026,2356,935453,332668,73402,78653,168924,60883,48444,1811,827853,227225,19790,DL,Delta Air Lines Inc.,Delta Air Lines Inc.,10261,A,2021,3
312316,-33863,921711,22763,58564,28680,25361,379965,1456205,459301,127956,119411,214687,69142,75033,351467,1490068,410739,19930,AS,Alaska Airlines Inc.,Alaska Airlines Inc.,06031,D,2021,2
336752,-126213,3283584,46314,14962,0,507946,21042,3881342,1538616,397417,355969,829588,353846,309511,28788,4007555,485951,19393,WN,Southwest Airlines Co.,Southwest Airlines Co.,06725,D,2021,2
360400.54,12481.01,3199315.99,60919.35,185515.61,10173.44,1720.42,1880452.66,5411710.49,1484897.99,426735.31,369676.88,1203728.53,379656.99,362829.58,960360.32,5399229.48,459260.23,19977,UA,United Air Lines Inc.,United Air Lines Inc.,0A875,D,2021,3
431315,-28628,3899941,44612,16354,0,529110,25264,4526607,1836217,449129,431445,910605,369788,312101,27977,4555235,580621,19393,WN,Southwest Airlines Co.,Southwest Airlines Co.,06725,D,2021,3
553963.67,-395724,3191351,53982,180998,13504,515787,1973255,5994807,1796060,447229,430220,1005359,422559,404053,1545156,6390531,654907.67,19790,DL,Delta Air Lines Inc.,Delta Air Lines Inc.,01260,D,2021,2
654879.6,-52378.35,4519379.49,37138.49,274986.1,5313.26,531638.75,1743108.58,7118594.12,2135392.33,771669.06,522619.85,809041.14,919088.47,348839.65,1372671.76,7170972.47,722981.48,19805,AA,American Airlines Inc.,American Airlines Inc.,0A050,D,2021,3
656547.63,-410253.17,3628455.45,37003.43,262899.02,6651.45,487392.64,1545905.89,5971897.31,1885572.68,674423.77,431990.09,730067.29,867711.43,342299.17,1198672.02,6382150.47,656015.36,19805,AA,American Airlines Inc.,American Airlines Inc.,0A050,D,2021,2
861471.85,370605,4214869,57019,210075,15598,573994,2282562,7412240,1826676,598017,521054,1119087,403335,400462,1755195,7041635,1110820.85,19790,DL,Delta Air Lines Inc.,Delta Air Lines Inc.,01260,D,2021,3
