"NET_INCOME","OP_PROFIT_LOSS","TRANS_REV_PAX","PROP_FREIGHT","PROP_BAG","RES_CANCEL_FEES","MISC_OP_REV","TRANS_REVENUE","OP_REVENUES","FLYING_OPS","MAINTENANCE","PAX_SERVICE","AIRCFT_SERVICES","GENERAL_ADMIN","DEPREC_AMORT","TRANS_EXPENSES","OP_EXPENSES","INCOME_PRE_TAX","AIRLINE_ID","UNIQUE_CARRIER","UNIQUE_CARRIER_NAME","CARRIER_NAME","UNIQUE_CARRIER_ENTITY","REGION","YEAR","QUARTER",
-941392.18,-1974123.00,1567184.00,38053.00,105263.00,12282.00,392432.00,1250679.00,3448374.00,1412942.00,436891.00,349647.00,932730.00,434033.00,387126.00,1238359.00,5422497.00,-1208776.18,19790,"DL","Delta Air Lines Inc.","Delta Air Lines Inc.","01260","D",2021,1,
-924150.88,-2054835.60,997084.39,40153.37,93310.10,9670.67,-528.42,944754.06,2111344.29,864261.41,351691.90,284329.18,1043206.74,440109.22,341284.37,730431.07,4166179.89,-1191760.05,19977,"UA","United Air Lines Inc.","United Air Lines Inc.","0A875","D",2021,1,
-856832.27,-856832.27,422854.74,45838.78,38473.36,1112.33,96906.06,19122.50,629698.90,486969.96,211242.33,125815.42,211761.85,282659.16,115353.54,1554.53,1486531.17,-856832.27,19805,"AA","American Airlines Inc.","American Airlines Inc.","10050","L",2021,1,
-418985.00,-857855.00,,600363.00,,,17775.00,1491959.00,2115120.00,240587.00,157612.00,,295039.00,181591.00,54808.00,1990651.00,2972975.00,-517352.00,20107,"FX","Federal Express Corporation","Federal Express Corporation","16196","A",2021,3,
-369229.07,-369229.07,118153.52,127306.48,2785.34,136.56,16257.03,3483.08,280441.06,245388.56,82256.51,52811.22,89054.44,106713.43,41671.89,966.18,649670.12,-369229.07,19805,"AA","American Airlines Inc.","American Airlines Inc.","10049","A",2021,2,
-356826.00,-775805.00,,627261.00,,,3356.00,1597497.00,2236957.00,236203.00,183949.00,,343504.00,207764.00,52230.00,1926954.00,3012762.00,-517847.00,20107,"FX","Federal Express Corporation","Federal Express Corporation","16196","A",2021,2,
-321400.71,-321400.71,386790.47,146025.61,7391.50,340.53,53279.96,13590.64,620046.90,355939.47,123199.95,83055.72,128826.83,146911.05,55729.97,1546.93,941447.61,-321400.71,19805,"AA","American Airlines Inc.","American Airlines Inc.","10049","A",2021,3,
-258213.16,-20058.96,383881.69,0.00,165478.60,12352.29,207171.31,1915.84,770799.74,388688.49,53183.44,47341.84,74726.85,129175.76,66111.32,0.00,790858.70,-245159.38,20416,"NK","Spirit Air Lines","Spirit Air Lines","06830","D",2021,2,
-205981.46,-459002.16,414088.11,232.32,54680.10,938.09,2479.91,42472.73,516832.39,371238.25,114870.78,85464.91,187907.52,89199.65,91678.17,171.72,975834.55,-289524.74,20409,"B6","JetBlue Airways","JetBlue Airways","06673","D",2021,1,
-205608.00,-181859.00,,723125.00,,,1547.00,693649.00,1427158.00,289034.00,111964.00,,214603.00,182132.00,69523.00,707865.00,1609017.00,-201705.00,20107,"FX","Federal Express Corporation","Federal Express Corporation","16197","P",2021,1,
-200488.26,-518970.94,261487.44,38083.44,30191.69,1888.04,706.08,58578.55,391537.86,276568.11,90549.56,89468.66,187670.72,109948.83,88484.40,33612.39,910508.80,-258577.77,19977,"UA","United Air Lines Inc.","United Air Lines Inc.","10876","L",2021,1,
-175770.56,-175770.56,847429.27,52788.29,65329.24,1131.67,98885.52,22046.41,1092728.88,457596.14,168081.19,107070.42,181601.54,204692.36,85803.99,1901.95,1268499.44,-175770.56,19805,"AA","American Airlines Inc.","American Airlines Inc.","10050","L",2021,2,
-175116.00,-562780.00,,730325.00,,,2680.00,1551921.00,2293741.00,222018.00,189289.00,,296534.00,205528.00,53070.00,1840720.00,2856521.00,-170532.00,20107,"FX","Federal Express Corporation","Federal Express Corporation","16196","A",2021,1,
-172664.00,-135442.00,,99799.00,,,16215.00,167218.00,283641.00,40748.00,11589.00,,97959.00,43763.00,13812.00,201853.00,419083.00,-164578.00,20107,"FX","Federal Express Corporation","Federal Express Corporation","16195","L",2021,1,
-172561.00,-554060.00,388275.00,17564.00,35807.00,38554.00,14082.00,234644.00,745441.00,349051.00,101133.00,93250.00,175508.00,136585.00,71513.00,316594.00,1299501.00,-221235.00,19930,"AS","Alaska Airlines Inc.","Alaska Airlines Inc.","06031","D",2021,1,
-166685.00,-289992.00,204911.00,17999.00,15908.00,2361.00,60964.00,6902.00,311230.00,236853.00,68591.00,40672.00,108496.00,50487.00,62445.00,6834.00,601222.00,-197788.00,19790,"DL","Delta Air Lines Inc.","Delta Air Lines Inc.","10260","L",2021,1,
-151956.87,-2375917.28,1656281.40,35267.10,149146.26,5916.43,406010.01,842483.84,3100740.16,1447585.38,612223.13,364283.68,615792.35,819458.70,333059.67,1134421.81,5476657.44,-466330.12,19805,"AA","American Airlines Inc.","American Airlines Inc.","0A050","D",2021,1,
-143506.89,-685817.92,2053765.91,48484.65,140581.96,8968.14,1570.55,1470086.84,3766732.00,1076962.90,367667.99,270456.11,1027472.88,342298.29,342281.09,882182.67,4452549.93,-217658.18,19977,"UA","United Air Lines Inc.","United Air Lines Inc.","0A875","D",2021,2,
-142009.60,-175913.59,0.00,985805.60,0.00,0.00,9083.61,28.29,1024169.41,592907.85,313922.54,0.00,132956.25,66251.79,92205.58,0.00,1200083.00,-190767.38,19917,"5X","United Parcel Service","United Parcel Service","06910","D",2021,3,
-139420.97,-272246.35,84422.86,194182.26,2138.93,567.41,1062.62,5516.13,307816.30,240856.47,43759.14,87426.01,63220.00,51267.68,69803.83,2270.13,580062.66,-180070.07,19977,"UA","United Air Lines Inc.","United Air Lines Inc.","10877","P",2021,1,
-137161.05,-137161.05,20191.22,99598.03,758.41,63.79,5831.98,1147.54,138990.72,118193.43,32432.75,19335.86,32880.56,47375.27,17527.64,236.13,276151.78,-137161.05,19805,"AA","American Airlines Inc.","American Airlines Inc.","10049","A",2021,1,
-128353.26,-138928.86,0.00,1001845.29,0.00,0.00,7457.55,77.27,1037506.11,553915.20,318502.87,0.00,136495.06,64059.73,101473.91,0.00,1176434.96,-154093.99,19917,"5X","United Parcel Service","United Parcel Service","06910","D",2021,2,
-126992.30,-135944.27,0.00,1000590.96,0.00,0.00,8079.94,-135.28,1035610.98,540188.80,325842.27,0.00,138557.37,59727.42,105250.94,0.00,1171555.25,-150673.50,19917,"5X","United Parcel Service","United Parcel Service","06910","D",2021,1,
-117682.00,-290611.39,537789.60,41559.70,53675.49,1860.38,358.31,90332.65,727570.27,340199.11,99571.77,84097.37,220583.54,85299.19,102350.38,41296.26,1018181.66,-141578.69,19977,"UA","United Air Lines Inc.","United Air Lines Inc.","10876","L",2021,2,
-113335.65,-167696.65,128751.90,230946.79,2328.14,452.56,85.74,7954.98,391805.84,250921.61,35112.43,69621.42,76938.88,39739.19,61704.59,3465.41,559502.50,-122655.30,19977,"UA","United Air Lines Inc.","United Air Lines Inc.","10877","P",2021,2,
-99516.81,-248331.44,186333.37,0.00,104790.74,1169.46,115199.19,1200.33,408693.09,304193.85,43622.55,46601.03,66132.63,109687.37,65840.36,0.00,657024.53,-122428.98,20416,"NK","Spirit Air Lines","Spirit Air Lines","06830","D",2021,1,
-92667.78,-344064.43,195435.29,186455.26,8345.34,1413.36,139.10,10693.87,409903.76,251535.73,50516.21,95869.76,122224.75,101918.90,90923.29,6439.34,753968.18,-119960.80,19977,"UA","United Air Lines Inc.","United Air Lines Inc.","10874","A",2021,1,
-87951.00,-87483.00,,144457.00,,,18168.00,179663.00,342883.00,50083.00,14553.00,,101688.00,45844.00,15775.00,190587.00,430366.00,-110156.00,20107,"FX","Federal Express Corporation","Federal Express Corporation","16195","L",2021,2,
-86033.65,-203287.59,117643.84,0.00,65342.22,6878.65,1335.19,67557.88,258757.77,296753.64,34217.44,28843.21,71091.62,5695.32,7328.24,0.00,462045.36,-106517.86,20436,"F9","Frontier Airlines Inc.","Frontier Airlines Inc.","06460","D",2021,1,
-78687.12,-31256.34,160767.23,0.00,0.00,0.00,0.00,0.00,160767.23,87587.79,66832.93,21688.91,351.79,13254.91,2307.24,0.00,192023.57,-78687.12,20363,"9E","Endeavor Air Inc.","Endeavor Air Inc.","07024","D",2021,3,
-69665.56,-69665.56,19192.47,101260.44,262.80,61.69,4449.66,877.28,138068.21,103389.19,22441.67,13369.79,22287.65,28446.91,12366.10,166.57,207733.77,-69665.56,19805,"AA","American Airlines Inc.","American Airlines Inc.","10052","P",2021,1,
-67430.00,-56742.00,,144320.00,,,16931.00,185742.00,348242.00,59254.00,12922.00,,84626.00,41501.00,15625.00,179493.00,404984.00,-85048.00,20107,"FX","Federal Express Corporation","Federal Express Corporation","16195","L",2021,3,
-66750.76,-27419.30,158696.65,0.00,0.00,0.00,0.00,0.00,158696.65,81118.27,64847.65,21099.22,325.48,16424.36,2300.98,0.00,186115.94,-66750.76,20363,"9E","Endeavor Air Inc.","Endeavor Air Inc.","07024","D",2021,2,
-60649.35,-60649.35,38821.31,80477.63,648.00,51.67,4146.52,920.54,132926.44,92310.02,21052.39,13383.81,22741.07,25385.47,10764.92,236.76,193575.79,-60649.35,19805,"AA","American Airlines Inc.","American Airlines Inc.","10052","P",2021,2,
-59300.82,-204706.55,310412.99,244289.65,10430.01,1090.42,207.12,12887.11,585570.41,300944.14,51930.09,89328.85,134763.59,82449.83,80103.19,6788.92,790276.97,-82488.94,19977,"UA","United Air Lines Inc.","United Air Lines Inc.","10874","A",2021,2,
-56558.96,-25403.06,142967.81,0.00,0.00,0.00,0.00,0.00,142967.81,73503.43,66863.85,18781.92,332.85,6695.69,2193.12,0.00,168370.86,-56558.96,20363,"9E","Endeavor Air Inc.","Endeavor Air Inc.","07024","D",2021,1,
-52745.00,-158198.00,119741.00,66993.00,11763.00,1636.00,49146.00,546.00,262694.00,162796.00,34308.00,34783.00,92789.00,43178.00,29539.00,541.00,420892.00,-79344.00,19790,"DL","Delta Air Lines Inc.","Delta Air Lines Inc.","10261","A",2021,1,
-51860.54,-199409.37,117437.88,13061.60,6995.00,358.84,2369.89,21003.37,162336.02,125539.48,46834.64,34837.70,53933.52,46051.90,31982.76,4919.65,361745.38,-66739.07,19690,"HA","Hawaiian Airlines Inc.","Hawaiian Airlines Inc.","05375","D",2021,1,
-40603.57,-122291.71,170912.98,102.73,24180.04,414.83,1096.64,18781.83,215678.23,121694.06,37412.06,32949.61,65064.17,34033.06,32923.87,67.24,337969.93,-57071.82,20409,"B6","JetBlue Airways","JetBlue Airways","16673","L",2021,1,
-39511.28,-101510.50,289409.83,0.00,0.00,0.00,54.60,14.92,289479.35,129431.46,70310.51,14421.27,81482.26,90618.24,4669.81,3.29,390989.85,-50867.10,20398,"MQ","Envoy Air","Envoy Air","06820","D",2021,3,
-32194.41,-32194.41,43426.15,65847.73,790.36,38.93,4521.90,1153.54,121484.30,72942.19,16957.57,11547.36,17836.66,20061.73,7658.66,215.57,153678.71,-32194.41,19805,"AA","American Airlines Inc.","American Airlines Inc.","10052","P",2021,3,
-29649.89,-2303.31,44080.06,0.00,19001.45,1418.38,23788.90,219.99,88508.78,44632.01,6106.91,5436.13,8580.68,14832.89,7591.38,0.00,90812.09,-28150.97,20416,"NK","Spirit Air Lines","Spirit Air Lines","16831","L",2021,2,
-25228.50,-61525.51,166106.10,0.00,0.00,0.00,0.00,0.00,166106.10,127888.00,54350.07,16012.43,7987.47,14697.24,6696.39,0.00,227631.61,-32486.42,20397,"OH","PSA Airlines Inc.","PSA Airlines Inc.","07028","D",2021,3,
-20933.94,-20933.94,868637.09,56144.45,64874.34,750.54,89927.79,22946.31,1108135.27,411223.70,150583.56,102403.53,158240.89,179389.25,68036.93,1911.41,1129069.21,-20933.94,19805,"AA","American Airlines Inc.","American Airlines Inc.","10050","L",2021,3,
-20586.00,-72598.00,57885.00,43935.00,1113.00,311.00,24157.00,1494.00,130362.00,77874.00,15189.00,17156.00,45766.00,21296.00,12877.00,1480.00,202960.00,-33706.00,19790,"DL","Delta Air Lines Inc.","Delta Air Lines Inc.","10262","P",2021,1,
-15746.43,-18740.35,827.22,1967.45,1297.50,24.13,237.48,2011.84,14792.73,13570.18,3641.37,3408.66,4692.13,3203.23,2032.26,119.45,33533.08,-15474.28,19690,"HA","Hawaiian Airlines Inc.","Hawaiian Airlines Inc.","15375","P",2021,3,
-15734.00,-57170.00,42875.00,-213.00,3954.00,4257.00,0.00,0.00,51367.00,38544.00,11168.00,10297.00,19380.00,15082.00,7897.00,0.00,108537.00,-20171.00,19930,"AS","Alaska Airlines Inc.","Alaska Airlines Inc.","16031","L",2021,1,
-15677.02,-49201.93,673540.19,0.00,0.00,0.00,0.00,7910.51,722297.61,338465.58,242825.52,52206.00,38992.43,45392.04,53032.27,0.00,771499.54,-19184.37,20304,"OO","SkyWest Airlines Inc.","SkyWest Airlines Inc.","06700","D",2021,3,
-14297.00,23358.00,,894098.00,,,1562.00,758467.00,1654350.00,349591.00,116767.00,,221766.00,178264.00,70606.00,663117.00,1630992.00,-27256.00,20107,"FX","Federal Express Corporation","Federal Express Corporation","16197","P",2021,3,
-12804.65,-31952.35,23975.17,0.00,13483.23,150.47,14822.47,154.44,52585.79,39140.07,5612.83,5996.07,8509.17,14113.27,8471.56,0.00,84538.14,-15752.71,20416,"NK","Spirit Air Lines","Spirit Air Lines","16831","L",2021,1,
-11181.97,-11163.99,0.00,0.00,0.00,0.00,0.00,0.00,12645.95,19031.54,2367.56,799.39,539.28,1072.11,0.00,0.00,23809.94,-11181.97,20405,"N8","National Air Cargo Group Inc d/ba National Airlines","National Air Cargo Group Inc d/ba National Airline","07029","D",2021,3,
-10725.42,-10711.85,0.00,0.00,0.00,0.00,0.00,0.00,9724.30,13735.08,2103.16,1092.05,725.36,2700.24,80.26,0.00,20436.15,-10725.42,20405,"N8","National Air Cargo Group Inc d/ba National Airlines","National Air Cargo Group Inc d/ba National Airline","07029","D",2021,2,
-10131.83,-21898.86,118842.09,0.00,0.00,0.00,0.00,0.00,118842.09,43703.65,57091.13,7797.23,296.66,13849.13,18003.15,0.00,140740.95,-3389.42,20378,"YV","Mesa Airlines Inc.","Mesa Airlines Inc.","06689","D",2021,3,
-9668.01,-9179.28,6636.43,1032.59,277.26,200.51,0.00,755.25,10167.84,3164.62,607.57,638.28,2689.48,4417.30,5664.54,1333.65,19347.11,-9668.01,21492,"1BQ","Eastern Airlines f/k/a Dynamic Airways, LLC","Eastern Airlines f/k/a Dynamic Airways, LLC","11019","I",2021,1,
-9303.58,-11163.21,2982.66,0.00,0.00,0.00,175.17,0.00,10430.90,11667.79,4498.21,0.00,1931.30,2817.87,632.68,0.00,21594.11,-9303.58,21712,"2HQ","Elite Airways LLC","Elite Airways LLC","01200","D",2021,3,
-8908.89,-8411.60,,23440.78,,,,,49367.22,18436.07,15176.83,,5292.73,7865.77,5457.85,4179.14,57778.82,-8749.97,20370,"KAQ","Kalitta Air LLC","Kalitta Air LLC","06683","D",2021,3,
-7152.61,-19590.39,5006.79,7708.10,589.78,30.26,199.82,1762.67,19168.88,16307.92,5216.30,2886.49,4732.08,3788.44,3253.91,56.49,38759.28,-8407.08,19690,"HA","Hawaiian Airlines Inc.","Hawaiian Airlines Inc.","15375","P",2021,1,
-6864.91,-44992.46,60780.58,0.00,0.00,0.00,49035.39,0.00,109815.97,36154.45,24681.52,4311.90,64564.84,21015.51,4080.23,0.00,154808.43,-8729.18,20427,"PT","Piedmont Airlines","Piedmont Airlines","06918","D",2021,3,
-6060.80,-6026.07,1278.69,0.00,0.00,0.00,81.62,0.00,6874.48,6933.12,2610.31,0.00,1244.21,1675.81,421.79,0.00,12900.55,-6060.80,21712,"2HQ","Elite Airways LLC","Elite Airways LLC","01200","D",2021,2,
-5464.66,-5501.54,0.00,4441.28,0.00,0.00,2244.85,3253.88,21610.93,9631.01,3779.39,,2872.55,,344.68,8599.90,27112.47,-5464.66,20108,"NC","Northern Air Cargo Inc.","Northern Air Cargo Inc.","11041","I",2021,2,
-5453.77,-5379.92,0.00,2775.99,0.00,0.00,574.21,1027.87,17818.24,6352.78,9047.72,0.00,2061.71,2142.05,3469.51,0.00,23198.16,-5453.77,20169,"L2","Lynden Air Cargo Airlines","Lynden Air Cargo Airlines","06699","D",2021,2,
-5453.17,-5100.36,0.00,0.00,0.00,0.00,73.44,0.00,1189.24,894.12,447.70,268.24,1672.12,1296.65,960.94,304.26,6289.59,-5453.17,21492,"1BQ","Eastern Airlines f/k/a Dynamic Airways, LLC","Eastern Airlines f/k/a Dynamic Airways, LLC","01159","D",2021,2,
-5305.60,-9495.78,6658.36,8625.22,1106.41,24.93,201.76,1710.46,25959.33,16213.57,3812.00,2846.56,4335.84,3154.53,2621.73,64.93,35455.11,-5431.41,19690,"HA","Hawaiian Airlines Inc.","Hawaiian Airlines Inc.","15375","P",2021,2,
-5019.67,-13119.20,7203.41,0.00,2349.89,247.38,207.72,2429.57,12437.97,16850.68,1474.42,1732.37,4175.11,130.78,345.92,0.00,25557.17,-6214.83,20436,"F9","Frontier Airlines Inc.","Frontier Airlines Inc.","16461","L",2021,1,
-5013.07,-4713.49,0.00,0.00,0.00,0.00,382.24,0.00,5258.18,1401.53,597.52,318.30,3655.29,1543.91,1298.81,673.16,9971.67,-5013.07,21492,"1BQ","Eastern Airlines f/k/a Dynamic Airways, LLC","Eastern Airlines f/k/a Dynamic Airways, LLC","01159","D",2021,3,
-4857.87,-4627.82,0.00,3257.73,0.00,0.00,325.87,2550.78,16808.53,8309.84,2938.94,,2108.47,,499.65,6090.94,21436.35,-4857.87,20108,"NC","Northern Air Cargo Inc.","Northern Air Cargo Inc.","11041","I",2021,1,
-4803.18,-4788.94,0.00,4978.77,0.00,0.00,1364.32,3848.50,24998.66,10332.03,3864.38,,3673.13,,533.89,8614.53,29787.61,-4803.18,20108,"NC","Northern Air Cargo Inc.","Northern Air Cargo Inc.","11041","I",2021,3,
-3662.68,-3646.40,5763.54,0.00,0.00,0.00,2.57,0.54,5766.65,3342.56,1915.35,444.30,2166.30,1390.56,153.59,0.01,9413.05,-3647.61,20398,"MQ","Envoy Air","Envoy Air","16820","L",2021,1,
-3599.50,-3573.51,334.93,0.00,0.00,0.00,25.16,0.00,2407.31,2968.84,1337.14,0.00,440.97,853.96,371.31,0.00,5980.82,-3599.50,21712,"2HQ","Elite Airways LLC","Elite Airways LLC","01200","D",2021,1,
-3441.15,-42062.08,157429.98,0.00,0.00,0.00,0.00,0.00,157429.98,93337.01,59529.70,16352.30,7979.55,15717.39,6576.10,0.00,199492.06,-4151.58,20397,"OH","PSA Airlines Inc.","PSA Airlines Inc.","07028","D",2021,2,
-3420.15,-3426.67,0.00,4965.02,0.00,0.00,427.71,2689.33,20381.46,7085.27,8285.75,0.00,2468.91,1956.75,3857.25,0.00,23808.13,-3420.15,20169,"L2","Lynden Air Cargo Airlines","Lynden Air Cargo Airlines","06699","D",2021,3,
-3084.00,-36700.00,82608.00,59602.00,1205.00,332.00,22855.00,1376.00,168173.00,100529.00,14934.00,14654.00,34245.00,14393.00,13463.00,1077.00,204873.00,354.00,19790,"DL","Delta Air Lines Inc.","Delta Air Lines Inc.","10262","P",2021,2,
-2971.84,-58883.46,127135.17,0.00,0.00,0.00,0.00,0.00,127135.17,89885.02,49723.46,14332.48,8611.09,16924.02,6542.55,0.00,186018.63,-3760.20,20397,"OH","PSA Airlines Inc.","PSA Airlines Inc.","07028","D",2021,1,
-2928.22,-2872.61,9573.22,0.00,0.00,0.00,4.57,0.88,9578.67,4236.80,2437.82,698.93,3103.17,1786.11,187.50,0.00,12451.28,-2873.06,20398,"MQ","Envoy Air","Envoy Air","16820","L",2021,2,
-2800.80,-3243.51,11302.83,0.00,0.00,0.00,2.13,0.58,11305.55,5054.91,2745.96,563.22,3182.27,2818.12,182.38,0.13,14549.06,-3244.30,20398,"MQ","Envoy Air","Envoy Air","16820","L",2021,3,
-2793.38,-2061.53,,24887.24,,,,,49353.10,18634.89,14212.35,,5610.31,1930.13,5678.12,3872.44,51414.63,-2430.14,20370,"KAQ","Kalitta Air LLC","Kalitta Air LLC","06683","D",2021,2,
-2533.16,-2413.21,0.00,1698.77,0.00,0.00,169.93,1330.12,8764.91,2196.12,2774.35,,1099.47,,1155.82,3176.16,11178.12,-2533.16,20108,"NC","Northern Air Cargo Inc.","Northern Air Cargo Inc.","06721","D",2021,1,
-2186.62,-3718.09,8469.50,0.00,1242.26,0.00,869.23,0.00,10684.11,5158.82,1407.88,0.00,0.00,0.00,747.46,0.00,14402.20,-2186.62,20401,"3M","Silver Airways","Silver Airways","06888","D",2021,1,
-1844.40,-1353.73,0.00,0.00,0.00,0.00,49.31,0.00,70539.58,30823.56,32199.49,56.65,2256.19,3966.49,2590.94,0.00,71893.31,-1844.40,19874,"8C","Air Transport International","Air Transport International","06029","D",2021,1,
-1726.07,-2363.00,6420.84,0.00,0.00,0.00,0.00,0.00,6420.84,2324.11,4653.49,425.84,16.06,749.63,614.71,0.00,8783.84,-1361.11,20378,"YV","Mesa Airlines Inc.","Mesa Airlines Inc.","11022","L",2021,3,
-1627.65,-1584.82,0.00,0.00,0.00,0.00,0.00,0.00,110.95,277.38,53.25,55.94,235.73,387.17,496.49,116.89,1695.76,-1627.65,21492,"1BQ","Eastern Airlines f/k/a Dynamic Airways, LLC","Eastern Airlines f/k/a Dynamic Airways, LLC","01159","D",2021,1,
-1534.22,-1511.50,0.00,0.00,0.00,0.00,1.36,0.00,12255.62,8517.87,3265.94,790.37,327.37,226.27,639.31,0.00,13767.12,-1534.22,19874,"8C","Air Transport International","Air Transport International","16028","A",2021,2,
-1385.57,-1352.34,0.00,0.00,0.00,0.00,7.16,0.00,12775.10,8744.00,3451.29,802.05,318.49,204.33,607.29,0.00,14127.45,-1385.57,19874,"8C","Air Transport International","Air Transport International","16028","A",2021,3,
-1347.01,-3473.39,,23745.26,,,,,46851.73,17171.83,15205.52,,5742.91,691.48,5607.15,4098.40,50325.12,-1233.98,20370,"KAQ","Kalitta Air LLC","Kalitta Air LLC","06683","D",2021,1,
-1307.64,-1275.51,0.00,0.00,0.00,0.00,3.23,0.00,15564.10,9897.93,4864.68,752.62,464.28,259.70,600.40,0.00,16839.61,-1307.64,19874,"8C","Air Transport International","Air Transport International","16028","A",2021,1,
-1179.83,-1187.80,0.00,958.88,0.00,0.00,484.67,702.52,4665.85,-1626.97,3358.94,,620.19,,1237.78,1856.74,5853.64,-1179.83,20108,"NC","Northern Air Cargo Inc.","Northern Air Cargo Inc.","06721","D",2021,2,
-1150.97,-975.99,0.00,0.00,0.00,0.00,185.08,0.00,2986.75,2811.31,201.48,0.00,0.00,0.00,61.99,0.00,3962.73,-1074.98,20166,"GFQ","Gulf And Caribbean Cargo","Gulf And Caribbean Cargo","16565","I",2021,3,
-1099.39,-7258.89,0.00,2115.67,0.00,0.00,185.60,1109.13,14626.20,6693.73,7397.17,0.00,2353.98,2000.18,3281.28,0.00,21885.09,-1099.39,20169,"L2","Lynden Air Cargo Airlines","Lynden Air Cargo Airlines","06699","D",2021,1,
-1008.62,-5587.89,14442.38,290.33,1860.98,556.79,10.21,133.23,20111.82,9803.52,1931.70,1580.54,5410.46,3499.63,2271.49,0.00,25699.72,-1008.62,20422,"SY","Sun Country Airlines d/b/a MN Airlines","Sun Country Airlines d/b/a MN Airlines","16795","L",2021,1,
-991.19,-723.12,0.00,0.00,0.00,0.00,154.75,0.00,2976.35,2583.04,182.62,0.00,0.00,0.00,58.12,0.00,3699.46,-803.24,20166,"GFQ","Gulf And Caribbean Cargo","Gulf And Caribbean Cargo","16565","I",2021,2,
-877.54,-1375.18,391.13,5116.84,13.38,,47.24,253.29,17303.98,7464.21,5373.00,,,,752.80,145.59,18679.16,-877.54,20408,"5V","Tatonduk Outfitters Limited d/b/a Everts Air Alaska and Everts Air Cargo","Tatonduk Outfitters Limited d/b/a Everts Air Alask","06860","D",2021,2,
-816.35,-19647.84,28083.08,0.00,0.00,0.00,0.00,0.00,28083.08,14934.70,20758.40,2540.94,2069.72,6830.50,589.11,0.00,47730.92,-816.35,20445,"C5","Commutair Aka Champlain Enterprises, Inc.","Commutair Aka Champlain Enterprises, Inc.","06944","D",2021,1,
-666.12,15872.82,0.00,121766.59,0.00,0.00,12621.10,0.00,499577.02,231777.22,101705.47,8955.03,65297.09,35041.78,34950.08,205.63,483704.20,7639.08,20007,"5Y","Atlas Air Inc.","Atlas Air Inc.","16087","I",2021,1,
-550.79,-1793.61,7630.28,0.00,0.00,0.00,0.00,0.00,7630.28,2717.75,4070.15,510.51,43.58,1230.29,851.61,0.00,9423.89,-550.79,20378,"YV","Mesa Airlines Inc.","Mesa Airlines Inc.","11022","L",2021,2,
-537.68,-213.58,1098.54,0.00,0.00,0.00,0.00,0.00,1098.54,598.50,456.68,148.20,2.40,90.57,15.77,0.00,1312.12,-537.68,20363,"9E","Endeavor Air Inc.","Endeavor Air Inc.","11027","L",2021,3,
-521.96,-2437.78,11146.48,0.00,1909.83,0.00,847.31,0.00,13924.28,5299.48,1966.44,0.00,0.00,0.00,560.82,0.00,16362.06,-521.96,20401,"3M","Silver Airways","Silver Airways","06888","D",2021,2,
-450.81,-4397.16,7421.95,0.00,0.00,0.00,0.00,0.00,7421.95,3319.46,5524.54,525.54,59.42,950.59,1439.54,0.00,11819.10,-450.81,20378,"YV","Mesa Airlines Inc.","Mesa Airlines Inc.","11022","L",2021,1,
-441.47,-181.34,1049.57,0.00,0.00,0.00,0.00,0.00,1049.57,536.49,428.88,139.54,2.15,108.63,15.22,0.00,1230.92,-441.47,20363,"9E","Endeavor Air Inc.","Endeavor Air Inc.","11027","L",2021,2,
-355.96,-605.27,1378.76,0.00,202.23,0.00,141.50,0.00,1739.27,839.81,229.19,0.00,0.00,0.00,121.68,0.00,2344.54,-355.96,20401,"3M","Silver Airways","Silver Airways","11056","I",2021,1,
-327.31,-811.21,0.00,0.00,0.00,0.00,230.83,0.00,2935.97,2635.21,202.21,0.00,0.00,0.00,56.39,0.00,3747.19,18.38,20166,"GFQ","Gulf And Caribbean Cargo","Gulf And Caribbean Cargo","16565","I",2021,1,
-278.08,904.94,0.00,214563.26,0.00,0.00,161771.97,0.00,382830.11,334214.20,693.45,0.00,26819.56,2895.94,344.61,8466.28,381925.17,-271.63,20100,"PO","Polar Air Cargo Airways","Polar Air Cargo Airways","16758","P",2021,2,
-265.36,-264.57,0.00,275.06,0.00,0.00,75.37,212.62,1381.10,-5257.80,4494.78,,202.93,,1576.83,475.93,1645.67,-265.36,20108,"NC","Northern Air Cargo Inc.","Northern Air Cargo Inc.","06721","D",2021,3,
-262.22,-117.78,662.83,0.00,0.00,0.00,0.00,0.00,662.83,340.78,310.00,87.08,1.54,31.04,10.17,0.00,780.61,-262.22,20363,"9E","Endeavor Air Inc.","Endeavor Air Inc.","11027","L",2021,1,
-199.16,-264.40,0.00,182742.94,0.00,0.00,131262.87,0.00,322216.35,273427.25,638.56,0.00,29036.20,2867.90,316.22,8331.45,322480.75,-199.16,20100,"PO","Polar Air Cargo Airways","Polar Air Cargo Airways","16758","P",2021,1,
-178.53,-1449.16,3378.89,0.00,0.00,0.00,0.00,52.09,3430.98,1738.63,1996.74,351.82,74.12,243.54,473.00,0.00,4880.14,-132.34,20304,"OO","SkyWest Airlines Inc.","SkyWest Airlines Inc.","11025","L",2021,1,
-165.99,-775.25,3544.75,0.00,607.35,0.00,269.46,0.00,4428.13,1685.32,625.36,0.00,0.00,0.00,178.35,0.00,5203.38,-165.99,20401,"3M","Silver Airways","Silver Airways","11056","I",2021,2,
-35.47,-90.00,249.53,0.00,0.00,0.00,0.00,0.00,249.53,192.11,79.24,24.05,11.98,22.09,10.06,0.00,339.54,-46.38,20397,"OH","PSA Airlines Inc.","PSA Airlines Inc.","11030","L",2021,3,
-24.94,234.40,0.00,47035.46,0.00,0.00,35462.83,0.00,83922.06,73228.71,152.02,0.00,5879.25,634.83,75.54,1855.93,83687.67,-23.52,20100,"PO","Polar Air Cargo Airways","Polar Air Cargo Airways","06758","D",2021,2,
-16.61,692.58,0.00,187049.39,0.00,0.00,163521.37,0.00,359804.81,312851.51,605.02,0.00,26832.69,3079.03,360.00,8352.37,359112.23,-32.78,20100,"PO","Polar Air Cargo Airways","Polar Air Cargo Airways","16758","P",2021,3,
-4.91,-105.73,229.26,0.00,0.00,0.00,0.00,0.00,229.26,162.08,89.24,25.85,15.51,30.51,11.80,0.00,334.99,-6.33,20397,"OH","PSA Airlines Inc.","PSA Airlines Inc.","11030","L",2021,1,
-4.85,142.20,0.00,38784.39,0.00,0.00,33905.89,0.00,74604.95,64870.67,125.45,0.00,5563.71,638.43,74.65,1731.85,74462.75,-8.21,20100,"PO","Polar Air Cargo Airways","Polar Air Cargo Airways","06758","D",2021,3,
-2.08,-25.27,94.52,0.00,0.00,0.00,0.00,0.00,94.52,56.03,35.81,9.82,4.76,9.42,3.95,0.00,119.78,-2.51,20397,"OH","PSA Airlines Inc.","PSA Airlines Inc.","11030","L",2021,2,
-1.00,292.39,0.00,28837.70,0.00,0.00,786.98,2579.48,49301.27,25323.84,6666.07,,5923.57,6845.31,1500.69,2665.37,49008.88,-17.62,20151,"M6","Amerijet International","Amerijet International","16052","L",2021,3,
0.00,0.00,0.00,0.00,0.00,0.00,0.00,0.00,0.00,0.00,0.00,0.00,0.00,0.00,0.00,0.00,0.00,0.00,19687,"QX","Horizon Air","Horizon Air","11023","L",2021,3,
0.00,0.00,0.00,0.00,0.00,0.00,0.00,0.00,0.00,0.00,0.00,0.00,0.00,0.00,0.00,0.00,0.00,0.00,19687,"QX","Horizon Air","Horizon Air","11023","L",2021,1,
0.00,0.00,0.00,0.00,0.00,0.00,0.00,0.00,0.00,0.00,0.00,0.00,0.00,0.00,0.00,0.00,0.00,0.00,19687,"QX","Horizon Air","Horizon Air","11023","L",2021,2,
5.14,-103.76,328.69,0.00,0.00,0.00,0.00,0.00,328.69,126.45,206.78,19.54,16.90,57.87,4.81,0.00,432.46,5.33,20445,"C5","Commutair Aka Champlain Enterprises, Inc.","Commutair Aka Champlain Enterprises, Inc.","11059","L",2021,2,
21.46,38.58,0.00,4515.89,0.00,0.00,3947.86,0.00,8686.69,7531.25,14.61,0.00,647.82,74.34,8.69,201.65,8648.11,21.07,20100,"PO","Polar Air Cargo Airways","Polar Air Cargo Airways","16757","A",2021,3,
28.76,14.42,0.00,40174.01,0.00,0.00,28856.69,0.00,70835.70,60037.42,140.38,0.00,6383.29,630.48,69.52,1831.58,70821.29,28.76,20100,"PO","Polar Air Cargo Airways","Polar Air Cargo Airways","06758","D",2021,1,
123.35,58.78,768.80,0.00,0.00,0.00,20.84,0.00,789.64,231.86,244.58,82.53,9.11,66.87,95.92,0.00,730.87,162.44,20452,"YX","Republic Airline","Republic Airline","11029","L",2021,2,
129.39,-8.44,656.51,0.00,0.00,0.00,15.44,0.00,671.95,217.99,230.06,75.24,8.33,64.18,84.59,0.00,680.39,175.67,20452,"YX","Republic Airline","Republic Airline","11029","L",2021,3,
159.80,-218.71,1689.88,0.00,0.00,0.00,0.00,0.00,1689.88,592.14,906.84,83.27,68.25,236.57,20.43,0.00,1908.59,116.66,20445,"C5","Commutair Aka Champlain Enterprises, Inc.","Commutair Aka Champlain Enterprises, Inc.","11059","L",2021,3,
170.40,167.11,0.00,9217.25,0.00,0.00,6620.68,0.00,16252.05,13610.78,32.20,0.00,1464.54,144.65,15.95,420.22,16084.94,170.40,20100,"PO","Polar Air Cargo Airways","Polar Air Cargo Airways","16757","A",2021,1,
177.41,-470.57,3957.39,0.00,0.00,0.00,0.00,38.26,3995.65,1908.73,1469.35,347.72,92.62,240.52,404.80,0.00,4466.22,244.11,20304,"OO","SkyWest Airlines Inc.","SkyWest Airlines Inc.","11025","L",2021,2,
226.20,333.33,0.00,0.00,0.00,0.00,0.00,0.00,5357.43,2508.70,428.97,608.74,632.59,341.97,502.88,0.01,5024.09,226.20,20377,"X9","Omni Air International LLC","Omni Air International LLC","06738","D",2021,3,
268.95,268.95,0.00,0.00,0.00,0.00,2137.85,996.49,3486.84,1247.71,307.14,0.00,0.00,0.00,452.84,1210.21,3217.89,268.95,21352,"0WQ","Avjet Corporation","Avjet Corporation","01150","D",2021,2,
284.19,328.43,,,,,,,3874.43,1151.33,1076.27,,,,717.57,92.63,3546.00,284.19,20372,"KLQ","Kalitta Charters II","Kalitta Charters II","16770","I",2021,1,
303.02,367.70,0.00,11731.23,0.00,0.00,8844.87,0.00,20931.20,17954.91,37.91,0.00,1466.36,158.34,18.84,462.89,20563.50,303.37,20100,"PO","Polar Air Cargo Airways","Polar Air Cargo Airways","16757","A",2021,2,
310.97,-261.49,414.90,5703.47,20.13,,15.81,518.29,18163.63,7756.83,4471.31,,,,752.80,121.18,18425.12,310.97,20408,"5V","Tatonduk Outfitters Limited d/b/a Everts Air Alaska and Everts Air Cargo","Tatonduk Outfitters Limited d/b/a Everts Air Alask","06860","D",2021,3,
431.34,-17774.20,114083.00,0.00,0.00,0.00,0.00,0.00,114083.00,39396.24,48588.11,7106.29,638.42,18022.09,18106.06,0.00,131857.21,431.34,20378,"YV","Mesa Airlines Inc.","Mesa Airlines Inc.","06689","D",2021,2,
459.37,-348.61,4696.57,0.00,0.00,0.00,0.00,42.60,4739.17,2320.28,1562.75,405.91,130.39,297.32,368.61,0.00,5087.77,433.38,20304,"OO","SkyWest Airlines Inc.","SkyWest Airlines Inc.","11025","L",2021,3,
655.65,-13244.92,41955.90,0.00,0.00,0.00,0.00,0.00,41955.90,16140.07,26394.44,2494.05,2157.16,7386.74,613.34,0.00,55200.82,679.80,20445,"C5","Commutair Aka Champlain Enterprises, Inc.","Commutair Aka Champlain Enterprises, Inc.","06944","D",2021,2,
671.95,1486.73,11328.52,1501.71,577.74,83.65,1039.58,814.37,28606.64,3811.75,1625.08,865.68,9941.27,4198.95,3532.37,1830.78,27119.91,671.95,21492,"1BQ","Eastern Airlines f/k/a Dynamic Airways, LLC","Eastern Airlines f/k/a Dynamic Airways, LLC","11019","I",2021,3,
685.55,-151.53,0.00,0.00,0.00,0.00,0.00,0.00,1192.53,648.18,132.05,142.61,165.20,93.58,162.21,0.08,1344.06,685.55,20377,"X9","Omni Air International LLC","Omni Air International LLC","06738","D",2021,1,
699.20,699.20,0.00,0.00,0.00,0.00,0.00,1378.60,1389.24,0.00,0.00,0.00,0.00,0.00,0.00,685.26,690.04,699.20,21652,"27Q","Jet Aviation Flight Services, Inc.","Jet Aviation Flight Services, Inc.","11046","I",2021,1,
730.27,730.27,0.00,0.00,0.00,0.00,0.00,1550.83,1563.79,0.00,0.00,0.00,0.00,0.00,0.00,825.26,833.52,730.27,21652,"27Q","Jet Aviation Flight Services, Inc.","Jet Aviation Flight Services, Inc.","11046","I",2021,2,
746.22,-454.82,4044.29,0.00,0.00,0.00,20.52,0.00,4064.81,1415.40,1568.00,425.51,57.56,458.78,594.39,0.00,4519.63,987.77,20452,"YX","Republic Airline","Republic Airline","11029","L",2021,1,
751.79,751.79,0.00,0.00,0.00,0.00,0.00,1634.19,1648.10,0.00,0.00,0.00,0.00,0.00,0.00,889.24,896.31,751.79,21652,"27Q","Jet Aviation Flight Services, Inc.","Jet Aviation Flight Services, Inc.","11046","I",2021,3,
768.35,887.96,,,,,,,10475.31,3112.85,2909.92,,,,1940.09,250.44,9587.34,768.35,20372,"KLQ","Kalitta Charters II","Kalitta Charters II","06774","D",2021,1,
820.88,270.59,228.42,3735.52,10.36,,31.51,211.98,17867.80,6678.28,5299.95,,,,752.80,331.35,17597.21,820.88,20408,"5V","Tatonduk Outfitters Limited d/b/a Everts Air Alaska and Everts Air Cargo","Tatonduk Outfitters Limited d/b/a Everts Air Alask","06860","D",2021,1,
833.78,890.16,4314.86,0.78,214.48,24.30,9.75,144.38,4708.55,1259.09,198.29,473.89,1167.73,293.15,186.99,1.54,3818.40,1221.31,20409,"B6","JetBlue Airways","JetBlue Airways","10875","A",2021,3,
994.89,2586.54,0.00,31163.82,0.00,0.00,633.45,5739.71,54201.03,26730.37,6785.26,,2576.88,10989.33,1890.41,2545.47,51614.50,2048.32,20151,"M6","Amerijet International","Amerijet International","06052","D",2021,1,
1127.95,1048.27,,1479.57,,,,,16632.34,6629.23,5466.92,,1039.93,1122.79,1325.20,,15584.07,1127.95,20177,"PFQ","Asia Pacific","Asia Pacific","16070","I",2021,3,
1294.05,-67664.32,20179.79,0.00,0.00,0.00,32263.22,0.00,52443.01,21476.67,17782.01,3887.35,52830.98,19968.05,4162.29,0.00,120107.34,1637.46,20427,"PT","Piedmont Airlines","Piedmont Airlines","06918","D",2021,1,
1379.32,1085.56,0.00,0.00,0.00,0.00,0.00,31185.34,31185.34,0.00,0.00,0.00,0.00,0.00,0.00,27625.17,30099.78,1379.32,21974,"3EQ","Scott Aviation, LLC  d/b/a  Silver Air","Scott Aviation, LLC  d/b/a  Silver Air","01234","D",2021,3,
1388.70,1341.02,,1207.25,,,,,16078.15,5146.24,5959.75,,1432.19,971.07,1227.87,,14737.13,1388.70,20177,"PFQ","Asia Pacific","Asia Pacific","16070","I",2021,1,
1564.60,2874.24,0.00,25642.14,0.00,0.00,911.69,4722.73,45343.56,21994.22,5583.03,,2120.31,9042.21,1555.47,2094.46,42469.33,2431.38,20151,"M6","Amerijet International","Amerijet International","16052","L",2021,1,
1612.39,-221.90,0.00,0.00,0.00,0.00,0.00,0.00,4818.15,2592.37,533.60,464.20,582.42,304.14,561.56,0.00,5040.05,1612.39,20377,"X9","Omni Air International LLC","Omni Air International LLC","06738","D",2021,2,
1703.13,-230.20,0.00,0.00,0.00,0.00,0.00,23834.11,23834.11,0.00,0.00,0.00,0.00,0.00,0.00,21851.31,24064.31,1703.13,21974,"3EQ","Scott Aviation, LLC  d/b/a  Silver Air","Scott Aviation, LLC  d/b/a  Silver Air","01234","D",2021,1,
1743.41,1932.97,0.00,0.00,0.00,0.00,200.50,0.00,9309.28,4799.17,984.83,0.00,0.00,0.00,299.82,0.00,7376.31,1825.72,20166,"GFQ","Gulf And Caribbean Cargo","Gulf And Caribbean Cargo","06565","D",2021,3,
1769.69,3672.78,0.00,37167.96,0.00,0.00,917.62,2976.75,61854.06,30615.86,6925.68,,5114.18,10182.66,2020.43,3221.15,58181.29,3269.04,20151,"M6","Amerijet International","Amerijet International","06052","D",2021,2,
1806.27,1749.64,,1316.62,,,,,18115.13,5798.19,6727.21,,1361.23,1167.10,1311.76,,16365.49,1806.27,20177,"PFQ","Asia Pacific","Asia Pacific","16070","I",2021,2,
1806.63,2012.36,0.00,0.00,0.00,92.40,3784.80,0.00,25318.64,19037.32,3389.98,209.33,0.00,445.92,223.72,0.00,23306.27,1806.63,21979,"3FQ","Western Air Charter, Inc.  d/b/a  Jet Edge","Western Air Charter, Inc.  d/b/a  Jet Edge","11057","I",2021,2,
1910.57,1546.63,0.00,5407.99,0.00,0.00,214.71,0.00,11422.46,3806.25,4474.23,0.00,84.55,585.49,684.52,232.27,9875.83,1914.01,20453,"ABX","ABX Air Inc","ABX Air Inc","11009","A",2021,2,
1933.09,-1163.26,3907.92,0.00,643.68,0.00,288.32,0.00,4845.78,2039.58,651.60,0.00,0.00,0.00,195.63,0.00,6009.04,1933.09,20401,"3M","Silver Airways","Silver Airways","11056","I",2021,3,
1935.42,-9479.71,62474.44,0.00,23254.93,2611.33,32270.56,253.46,120864.71,63878.37,8085.28,7337.92,10763.04,25824.57,9728.09,0.00,130344.42,-2227.18,20416,"NK","Spirit Air Lines","Spirit Air Lines","16831","L",2021,3,
1967.04,-1154.41,17175.45,0.00,7077.06,2272.47,384.18,8055.76,34964.92,20765.01,2131.63,1975.01,7655.22,1248.50,493.23,0.00,36119.33,3456.16,20436,"F9","Frontier Airlines Inc.","Frontier Airlines Inc.","16461","L",2021,3,
1973.52,-45216.09,39328.70,0.00,0.00,0.00,54094.47,0.00,93423.17,23364.78,22607.72,4665.27,63168.78,20712.54,4120.16,0.00,138639.25,2538.60,20427,"PT","Piedmont Airlines","Piedmont Airlines","06918","D",2021,2,
2014.06,3457.73,0.00,28195.38,0.00,0.00,1086.58,2258.14,47593.69,23225.00,5253.78,,3879.59,7724.50,1532.69,2443.54,44135.96,3151.45,20151,"M6","Amerijet International","Amerijet International","16052","L",2021,2,
2302.38,1871.38,0.00,5477.13,0.00,0.00,205.71,0.00,11400.48,3825.94,4122.59,0.00,94.63,610.06,619.96,246.80,9529.10,2302.38,20453,"ABX","ABX Air Inc","ABX Air Inc","11009","A",2021,1,
2424.04,9.06,0.00,0.00,0.00,0.00,0.00,27062.57,27062.57,0.00,0.00,0.00,0.00,0.00,0.00,24584.83,27053.51,2424.04,21974,"3EQ","Scott Aviation, LLC  d/b/a  Silver Air","Scott Aviation, LLC  d/b/a  Silver Air","01234","D",2021,2,
2448.92,3451.63,14945.69,1534.44,417.41,47.41,208.72,1002.44,21327.32,2541.19,1272.42,762.37,4752.34,3685.22,2731.10,864.75,17875.69,2448.92,21492,"1BQ","Eastern Airlines f/k/a Dynamic Airways, LLC","Eastern Airlines f/k/a Dynamic Airways, LLC","11019","I",2021,2,
2523.84,2846.23,0.00,0.00,0.00,0.00,186.11,0.00,10793.28,5084.90,1133.53,0.00,0.00,0.00,301.48,0.00,7947.04,2749.88,20166,"GFQ","Gulf And Caribbean Cargo","Gulf And Caribbean Cargo","06565","D",2021,2,
2596.91,2754.72,0.00,0.00,0.00,41.86,3540.24,0.00,18738.47,11278.32,2093.94,100.65,0.00,2274.53,236.31,0.00,15983.75,2596.91,21979,"3FQ","Western Air Charter, Inc.  d/b/a  Jet Edge","Western Air Charter, Inc.  d/b/a  Jet Edge","11057","I",2021,1,
2685.03,-2898.06,13118.15,0.00,6040.01,1389.22,536.68,6483.66,27567.72,17369.35,1847.89,1951.69,6558.72,777.99,481.75,0.00,30465.78,1917.74,20436,"F9","Frontier Airlines Inc.","Frontier Airlines Inc.","16461","L",2021,2,
2701.80,2486.09,0.00,5727.50,0.00,0.00,159.99,0.00,11489.32,3847.44,4279.38,0.00,111.24,476.88,608.16,-326.90,9003.23,2822.38,20453,"ABX","ABX Air Inc","ABX Air Inc","11009","A",2021,3,
2745.00,-24137.00,38140.00,997.00,236.00,,8865.00,359.00,48686.00,26177.00,9554.00,4753.00,15389.00,5384.00,7426.00,659.00,72823.00,3458.00,19393,"WN","Southwest Airlines Co.","Southwest Airlines Co.","11033","L",2021,1,
2872.00,3298.00,62518.00,-134.00,3485.00,3893.00,0.00,0.00,70148.00,27697.00,6490.00,7418.00,12249.00,4731.00,3990.00,0.00,66849.00,3681.00,19930,"AS","Alaska Airlines Inc.","Alaska Airlines Inc.","16031","L",2021,3,
3166.28,2602.77,0.00,0.00,0.00,0.00,268.81,0.00,10691.31,5699.19,813.60,0.00,0.00,0.00,299.31,0.00,8088.54,3568.83,20166,"GFQ","Gulf And Caribbean Cargo","Gulf And Caribbean Cargo","06565","D",2021,1,
3387.44,3387.44,0.00,0.00,0.00,0.00,0.00,13767.29,13892.17,0.00,0.00,0.00,0.00,0.00,0.00,10413.21,10504.73,3387.44,21652,"27Q","Jet Aviation Flight Services, Inc.","Jet Aviation Flight Services, Inc.","01194","D",2021,2,
3484.70,3496.52,0.00,0.00,0.00,0.00,0.00,0.00,15033.94,6695.14,1036.17,633.64,456.76,2518.27,196.53,0.00,11537.42,3484.70,20405,"N8","National Air Cargo Group Inc d/ba National Airlines","National Air Cargo Group Inc d/ba National Airline","07029","D",2021,1,
3527.46,3512.02,0.00,11974.00,0.00,0.00,4099.06,1836.52,44544.38,5467.45,1463.39,0.00,6407.79,2292.77,936.37,24315.06,41032.37,3527.46,21634,"KH","Aloha Air Cargo","Aloha Air Cargo","01146","D",2021,1,
3615.85,4013.64,0.00,39099.92,0.00,0.00,537.60,3497.41,65765.54,29638.26,9038.27,,8031.55,9281.29,2034.72,3613.87,61751.90,3593.31,20151,"M6","Amerijet International","Amerijet International","06052","D",2021,3,
3775.81,4193.65,0.00,9738.48,0.00,0.00,0.00,375.00,10113.48,3434.10,2117.39,0.00,0.00,0.00,54.04,0.00,5919.83,4193.65,21577,"1TQ","Rhoades Aviation dba Transair","Rhoades Aviation dba Transair","81001","D",2021,1,
3874.67,3874.67,0.00,0.00,0.00,0.00,3930.98,3563.78,8085.07,1332.73,840.40,0.00,0.00,0.00,669.25,1368.00,4210.39,3874.67,21352,"0WQ","Avjet Corporation","Avjet Corporation","01150","D",2021,3,
4022.83,4022.83,0.00,0.00,0.00,0.00,0.00,14614.33,14738.27,0.00,0.00,0.00,0.00,0.00,0.00,10634.63,10715.44,4022.83,21652,"27Q","Jet Aviation Flight Services, Inc.","Jet Aviation Flight Services, Inc.","01194","D",2021,3,
4073.50,-14156.11,55284.17,0.00,0.00,0.00,0.00,-257.57,55026.60,35670.08,23752.32,3312.77,3498.14,1825.86,1108.81,0.00,69182.71,4073.50,20500,"G7","GoJet Airlines LLC d/b/a United Express","GoJet Airlines LLC d/b/a United Express","07041","D",2021,3,
4113.19,-57551.76,319320.91,15852.11,17510.88,394.57,3193.15,27171.40,384061.56,162749.59,51901.35,46412.01,69033.36,50198.81,32602.95,3816.93,441613.32,2122.00,19690,"HA","Hawaiian Airlines Inc.","Hawaiian Airlines Inc.","05375","D",2021,2,
4134.92,2752.32,0.00,8945.10,0.00,0.00,0.00,375.00,9320.10,3243.84,2994.73,0.00,0.00,0.00,54.04,0.00,6567.78,4134.92,21577,"1TQ","Rhoades Aviation dba Transair","Rhoades Aviation dba Transair","81001","D",2021,2,
4215.47,4695.52,0.00,0.00,0.00,215.60,8831.19,0.00,59076.82,44420.42,7909.96,488.43,0.00,1040.48,522.00,0.00,54381.30,4215.47,21979,"3FQ","Western Air Charter, Inc.  d/b/a  Jet Edge","Western Air Charter, Inc.  d/b/a  Jet Edge","01235","D",2021,2,
4355.31,4355.31,0.00,0.00,0.00,0.00,0.00,12485.95,12613.15,0.00,0.00,0.00,0.00,0.00,0.00,8189.02,8257.84,4355.31,21652,"27Q","Jet Aviation Flight Services, Inc.","Jet Aviation Flight Services, Inc.","01194","D",2021,1,
4583.43,4964.01,0.00,19583.36,0.00,0.00,2285.33,0.00,25090.69,12664.95,3500.95,0.00,133.80,3369.85,457.13,0.00,20126.68,4583.43,20195,"WI","Sky Lease Cargo","Sky Lease Cargo","16884","I",2021,3,
4854.40,5387.73,0.00,0.00,0.00,69.95,7954.31,0.00,26914.65,17453.03,4591.28,267.38,0.00,-1020.20,235.43,0.00,21526.92,4850.38,21979,"3FQ","Western Air Charter, Inc.  d/b/a  Jet Edge","Western Air Charter, Inc.  d/b/a  Jet Edge","11057","I",2021,3,
5013.46,-6861.64,53018.17,0.00,0.00,0.00,0.00,0.00,53018.17,18577.70,28450.96,2612.38,2141.41,7422.19,640.97,0.00,59879.80,3660.04,20445,"C5","Commutair Aka Champlain Enterprises, Inc.","Commutair Aka Champlain Enterprises, Inc.","06944","D",2021,3,
5113.32,-3077.02,10337.06,0.00,1702.64,0.00,762.64,0.00,12817.84,5395.01,1723.58,0.00,0.00,0.00,517.48,0.00,15894.85,5113.32,20401,"3M","Silver Airways","Silver Airways","06888","D",2021,3,
5424.65,-111967.21,174218.74,0.00,0.00,0.00,77.69,16.46,174312.89,101037.98,57896.61,13430.26,65482.45,43778.37,4642.69,0.23,286280.10,5880.02,20398,"MQ","Envoy Air","Envoy Air","06820","D",2021,1,
5536.13,5536.14,0.00,0.00,0.00,0.00,936.13,0.00,8323.02,1570.18,629.41,0.00,510.89,76.39,0.00,0.00,2786.88,5536.13,20169,"L2","Lynden Air Cargo Airlines","Lynden Air Cargo Airlines","11040","I",2021,1,
5830.36,5827.81,0.00,14185.06,0.00,0.00,20090.45,2437.07,51228.20,8546.79,1118.44,0.00,6533.57,3175.97,666.62,25204.37,45400.39,5830.36,21634,"KH","Aloha Air Cargo","Aloha Air Cargo","01146","D",2021,2,
6059.46,6427.68,0.00,0.00,0.00,97.68,8260.56,0.00,43723.10,26316.07,4885.87,234.85,0.00,5307.25,551.38,0.00,37295.42,6059.46,21979,"3FQ","Western Air Charter, Inc.  d/b/a  Jet Edge","Western Air Charter, Inc.  d/b/a  Jet Edge","01235","D",2021,1,
6152.07,8395.42,0.00,21063.81,0.00,0.00,641.41,0.00,28355.61,15967.70,370.93,0.00,1175.09,486.17,208.21,0.00,19960.19,8435.69,20190,"9S","Southern Air Inc.","Southern Air Inc.","06841","D",2021,1,
6361.34,6900.02,0.00,0.00,0.00,0.00,32.22,0.00,82712.46,30966.54,34158.86,59.49,2442.39,5366.57,2818.60,0.00,75812.44,6361.34,19874,"8C","Air Transport International","Air Transport International","06029","D",2021,2,
6738.32,7169.74,11572.61,509.59,1828.14,433.05,-17.17,77.98,19965.65,4985.03,978.75,839.30,2930.76,1357.77,1055.64,0.00,12795.91,6738.32,20422,"SY","Sun Country Airlines d/b/a MN Airlines","Sun Country Airlines d/b/a MN Airlines","16795","L",2021,3,
6995.96,7757.07,0.00,0.00,0.00,0.00,163.95,0.00,86824.64,32215.28,36548.94,79.32,2556.16,4683.73,2984.14,0.00,79067.56,6995.96,19874,"8C","Air Transport International","Air Transport International","06029","D",2021,3,
7124.54,7126.45,0.00,0.00,0.00,0.00,492.35,0.00,11423.02,2254.33,1189.27,0.00,753.86,99.11,0.00,0.00,4296.57,7126.45,20169,"L2","Lynden Air Cargo Airlines","Lynden Air Cargo Airlines","11040","I",2021,2,
7148.00,14424.00,107021.00,0.00,0.00,0.00,1.00,0.00,107022.00,20713.00,22692.00,7478.00,6390.00,18218.00,17108.00,0.00,92599.00,9459.00,19687,"QX","Horizon Air","Horizon Air","06580","D",2021,3,
7165.00,14763.80,80078.65,23992.82,15926.08,3772.55,628.35,679.29,153697.14,56838.76,13805.29,7897.45,23622.11,16915.06,12973.06,0.00,138933.34,9461.87,20422,"SY","Sun Country Airlines d/b/a MN Airlines","Sun Country Airlines d/b/a MN Airlines","06795","D",2021,3,
7997.63,-71318.27,237674.72,0.00,0.00,0.00,113.50,21.87,237810.09,105187.10,60523.79,17352.30,77042.61,44343.71,4655.14,-0.06,309128.36,9367.03,20398,"MQ","Envoy Air","Envoy Air","06820","D",2021,2,
8687.01,3370.99,12786.56,1897.23,1873.09,377.52,11.64,87.95,18821.99,5882.92,1622.14,891.26,2966.18,1867.29,1381.12,0.00,15451.00,8687.01,20422,"SY","Sun Country Airlines d/b/a MN Airlines","Sun Country Airlines d/b/a MN Airlines","16795","L",2021,2,
8742.95,-36622.25,89327.53,0.00,0.00,0.00,0.00,0.00,89327.53,41721.02,47016.56,6524.72,683.06,10927.54,19076.88,0.00,125949.77,8742.95,20378,"YV","Mesa Airlines Inc.","Mesa Airlines Inc.","06689","D",2021,1,
8762.20,7093.08,0.00,24801.88,0.00,0.00,984.71,0.00,52385.21,17456.09,20519.55,0.00,387.76,2685.15,3139.33,1065.22,45292.13,8777.96,20453,"ABX","ABX Air Inc","ABX Air Inc","80006","D",2021,2,
8777.04,11551.10,0.00,22554.83,0.00,0.00,722.37,0.00,29777.76,14301.59,364.83,0.00,1190.26,437.99,204.86,0.00,18226.66,11554.34,20190,"9S","Southern Air Inc.","Southern Air Inc.","06841","D",2021,2,
8797.89,8790.24,0.00,0.00,0.00,0.00,878.02,0.00,13635.17,2674.91,675.46,0.00,1102.91,414.74,0.00,0.10,4844.92,8799.84,20169,"L2","Lynden Air Cargo Airlines","Lynden Air Cargo Airlines","11040","I",2021,3,
8957.98,11251.11,0.00,23846.76,0.00,0.00,889.63,0.00,32880.20,17252.50,373.04,0.00,1385.25,500.68,224.42,0.00,21629.09,11286.56,20190,"9S","Southern Air Inc.","Southern Air Inc.","06841","D",2021,3,
9253.78,-3807.31,48558.18,0.00,0.00,0.00,0.00,3396.74,51954.92,28422.88,18847.77,2527.26,2821.51,2014.76,1112.40,0.00,55762.22,9253.78,20500,"G7","GoJet Airlines LLC d/b/a United Express","GoJet Airlines LLC d/b/a United Express","07041","D",2021,2,
9300.44,-2275.59,40700.17,0.00,0.00,0.00,0.00,1205.55,41905.72,21906.94,14331.70,2370.64,2039.76,2400.27,1116.03,0.00,44181.31,9300.44,20500,"G7","GoJet Airlines LLC d/b/a United Express","GoJet Airlines LLC d/b/a United Express","07041","D",2021,1,
9309.28,-74731.03,202665.11,0.00,41330.16,7654.93,446.58,3996.98,263786.13,155806.79,35017.74,23564.38,44700.77,25632.99,42608.24,0.00,338517.16,9309.28,20368,"G4","Allegiant Air","Allegiant Air","06035","D",2021,1,
10089.55,8200.79,0.00,24002.02,0.00,0.00,901.46,0.00,49959.44,16766.13,18066.11,0.00,414.68,2673.43,2716.78,1081.51,41758.64,10089.55,20453,"ABX","ABX Air Inc","ABX Air Inc","80006","D",2021,1,
10157.29,-173144.30,469557.57,0.00,0.00,0.00,0.00,8361.53,516174.26,290758.12,231178.28,45556.86,34648.52,36867.78,49852.97,0.00,689318.56,15809.40,20304,"OO","SkyWest Airlines Inc.","SkyWest Airlines Inc.","06700","D",2021,1,
10986.00,-4115.00,107105.00,1511.00,488.00,,16568.00,686.00,126602.00,50186.00,12963.00,11611.00,27059.00,11542.00,10095.00,939.00,130717.00,15853.00,19393,"WN","Southwest Airlines Co.","Southwest Airlines Co.","11033","L",2021,2,
11316.34,11316.38,0.00,19103.14,0.00,0.00,15020.69,3050.93,57948.32,8240.47,1088.57,0.00,6641.82,3164.18,640.36,26690.93,46631.95,11316.34,21634,"KH","Aloha Air Cargo","Aloha Air Cargo","01146","D",2021,3,
11326.94,12571.37,0.00,0.00,0.00,163.22,18560.06,0.00,62800.84,40723.73,10712.98,623.88,0.00,-2380.46,549.35,0.00,50229.47,11317.56,21979,"3FQ","Western Air Charter, Inc.  d/b/a  Jet Edge","Western Air Charter, Inc.  d/b/a  Jet Edge","01235","D",2021,3,
11678.25,15006.27,,149761.39,,,,17060.29,450068.93,168547.51,89821.77,,35420.55,52640.17,16042.35,63418.94,435062.67,12741.83,20370,"KAQ","Kalitta Air LLC","Kalitta Air LLC","16683","I",2021,3,
12283.15,16071.74,0.00,39398.44,0.00,0.00,1469.81,0.00,54323.05,31020.87,616.09,0.00,2288.64,827.21,370.64,0.00,38251.31,16130.30,20190,"9S","Southern Air Inc.","Southern Air Inc.","16841","I",2021,3,
12379.02,8755.95,0.00,18149.58,0.00,0.00,2096.25,0.00,29956.60,14317.62,2441.03,0.00,679.64,3321.12,441.23,0.00,21200.65,12379.02,20195,"WI","Sky Lease Cargo","Sky Lease Cargo","16884","I",2021,1,
12599.31,11593.40,0.00,26709.05,0.00,0.00,746.09,0.00,53578.14,17941.77,19956.03,0.00,518.76,2223.85,2836.04,-1524.45,41984.75,13161.62,20453,"ABX","ABX Air Inc","ABX Air Inc","80006","D",2021,3,
12838.75,-62884.48,414429.66,0.00,154263.60,17322.50,214069.61,1681.31,801766.69,423742.78,53634.39,48676.70,71397.54,171309.55,64532.15,0.00,864651.16,-14774.20,20416,"NK","Spirit Air Lines","Spirit Air Lines","06830","D",2021,3,
12976.14,17201.11,0.00,0.00,0.00,0.00,1111.13,0.00,88827.32,35625.83,4816.31,0.00,9609.30,10089.51,11485.26,0.00,71626.21,13336.61,21629,"KD","Western Global","Western Global","11042","I",2021,3,
13424.67,-2021.60,47734.53,21315.19,10545.23,3155.03,615.12,754.97,107500.30,41346.69,11270.94,5237.45,19487.59,16231.69,10343.59,0.00,109521.90,18830.88,20422,"SY","Sun Country Airlines d/b/a MN Airlines","Sun Country Airlines d/b/a MN Airlines","06795","D",2021,1,
13729.80,-3881.27,275753.39,0.00,0.00,0.00,6485.59,0.00,282238.98,91577.43,96835.33,31608.11,3510.46,27049.09,35539.84,0.00,286120.25,33170.53,20452,"YX","Republic Airline","Republic Airline","06003","D",2021,3,
13883.55,30290.24,0.00,0.00,0.00,0.00,883.55,0.00,87854.07,30635.96,4490.91,0.00,6567.25,8464.91,7404.79,0.00,57563.83,18499.08,21629,"KD","Western Global","Western Global","11042","I",2021,1,
14341.71,-78649.43,654043.76,44390.81,60315.87,1676.38,304.24,88119.66,848821.83,337481.47,86381.98,78123.62,194483.20,62576.36,79686.75,44435.67,927471.26,16026.08,19977,"UA","United Air Lines Inc.","United Air Lines Inc.","10876","L",2021,3,
14558.00,-965.00,131625.00,1506.00,552.00,,17858.00,853.00,152776.00,61972.00,15158.00,14562.00,30733.00,12481.00,10534.00,944.00,153741.00,19597.00,19393,"WN","Southwest Airlines Co.","Southwest Airlines Co.","11033","L",2021,3,
14821.53,29700.16,0.00,0.00,0.00,0.00,997.42,0.00,103117.74,35390.50,5811.57,0.00,10700.50,10366.58,11148.43,0.00,73417.58,19751.59,21629,"KD","Western Global","Western Global","11042","I",2021,2,
15475.24,19660.76,0.00,39299.81,0.00,0.00,1196.72,0.00,52904.47,25795.72,691.42,0.00,2192.42,907.07,388.11,0.00,33243.72,19735.89,20190,"9S","Southern Air Inc.","Southern Air Inc.","16841","I",2021,1,
16092.43,-61230.31,242171.61,0.00,119057.94,27383.72,5355.65,127817.25,521786.17,354051.71,36711.88,35050.17,107037.99,12367.44,10197.91,0.00,583016.49,11493.79,20436,"F9","Frontier Airlines Inc.","Frontier Airlines Inc.","06460","D",2021,2,
16748.00,-8649.00,63309.00,-115.00,4023.00,1970.00,0.00,0.00,69557.00,31548.00,8789.00,8202.00,14746.00,4749.00,5154.00,0.00,78206.00,22026.00,19930,"AS","Alaska Airlines Inc.","Alaska Airlines Inc.","16031","L",2021,2,
17536.61,20452.36,0.00,0.00,0.00,0.00,0.00,0.00,163394.48,73490.95,12362.22,16567.49,17216.51,9307.01,13991.06,0.34,142942.12,17536.61,20377,"X9","Omni Air International LLC","Omni Air International LLC","16736","I",2021,3,
18019.12,23309.69,0.00,43015.60,0.00,0.00,1377.67,0.00,56790.87,25996.87,694.88,0.00,2270.01,835.31,390.19,0.00,33481.18,23315.88,20190,"9S","Southern Air Inc.","Southern Air Inc.","16841","I",2021,2,
18694.25,18707.82,0.00,0.00,0.00,0.00,0.00,0.00,96425.33,58250.30,5718.51,0.00,6390.77,7123.59,234.35,0.00,77717.51,18694.25,20405,"N8","National Air Cargo Group Inc d/ba National Airlines","National Air Cargo Group Inc d/ba National Airline","11049","I",2021,2,
19447.37,2853.40,52845.29,0.00,0.00,0.00,0.00,15.03,52860.32,18609.90,17065.98,3102.36,792.55,5095.60,5331.95,8.58,50006.92,25632.77,20046,"ZW","Air Wisconsin Airlines Corp","Air Wisconsin Airlines Corp","06024","D",2021,2,
21392.91,-27787.39,278755.39,0.00,125853.34,40412.01,6829.35,143288.49,595138.58,379873.32,39375.79,38701.07,106350.11,17444.57,9525.98,0.00,622925.97,37588.08,20436,"F9","Frontier Airlines Inc.","Frontier Airlines Inc.","06460","D",2021,3,
23077.92,12912.13,0.00,31700.89,0.00,0.00,2108.75,0.00,38174.64,17342.02,2832.28,0.00,1076.69,3565.90,445.62,0.00,25262.51,23077.92,20195,"WI","Sky Lease Cargo","Sky Lease Cargo","16884","I",2021,2,
24085.63,3981.90,49756.13,0.00,0.00,0.00,0.00,18.30,49774.43,16518.33,15802.83,2167.01,824.60,5145.74,5318.03,15.99,45792.53,31706.67,20046,"ZW","Air Wisconsin Airlines Corp","Air Wisconsin Airlines Corp","06024","D",2021,1,
25357.60,25375.58,0.00,0.00,0.00,0.00,0.00,0.00,96984.38,58240.29,7818.81,0.00,2721.04,2828.50,0.00,0.00,71608.80,25357.60,20405,"N8","National Air Cargo Group Inc d/ba National Airlines","National Air Cargo Group Inc d/ba National Airline","11049","I",2021,3,
27125.52,48416.93,0.00,127261.35,0.00,0.00,11237.20,0.00,593565.18,272812.37,112226.97,12312.45,66044.12,40371.78,34100.28,242.80,545148.25,44427.00,20007,"5Y","Atlas Air Inc.","Atlas Air Inc.","16087","I",2021,2,
27951.00,8128.00,130492.00,64254.00,1699.00,505.00,27751.00,2088.00,226996.00,95493.00,19196.00,19017.00,40845.00,14721.00,12741.00,1606.00,218868.00,37052.00,19790,"DL","Delta Air Lines Inc.","Delta Air Lines Inc.","10262","P",2021,3,
29388.45,39138.08,0.00,110983.90,0.00,0.00,0.00,0.00,110983.90,35281.90,19081.83,0.00,9631.94,4520.45,3189.41,0.00,71845.82,38067.94,19917,"5X","United Parcel Service","United Parcel Service","16912","L",2021,2,
29701.65,38679.50,0.00,110186.96,0.00,0.00,0.00,0.00,110186.96,37270.36,17110.10,0.00,9262.73,4615.60,3120.57,0.00,71507.46,37644.67,19917,"5X","United Parcel Service","United Parcel Service","16912","L",2021,3,
29707.36,39860.44,0.00,109650.70,0.00,0.00,0.00,0.00,109650.92,34434.71,18230.03,0.00,9663.59,4165.65,3157.83,0.00,69790.48,38833.16,19917,"5X","United Parcel Service","United Parcel Service","16912","L",2021,1,
30220.00,-59306.00,254513.00,95150.00,17740.00,2064.00,62161.00,700.00,446262.00,233108.00,38193.00,39028.00,91204.00,38333.00,34320.00,548.00,505568.00,39377.00,19790,"DL","Delta Air Lines Inc.","Delta Air Lines Inc.","10261","A",2021,2,
31019.22,-168353.77,948275.47,426.63,88428.68,2632.98,4353.40,79100.53,1123598.93,516638.56,167327.14,111958.90,256366.00,76594.76,100173.82,350.66,1291952.70,27654.85,20409,"B6","JetBlue Airways","JetBlue Airways","06673","D",2021,2,
31530.33,39440.28,0.00,58236.37,0.00,0.00,6036.20,0.00,238928.84,84025.37,47536.71,4282.85,31229.13,16759.16,12796.50,98.35,199488.56,35502.40,20007,"5Y","Atlas Air Inc.","Atlas Air Inc.","06087","D",2021,1,
31934.29,-14605.53,413901.64,19276.87,20156.14,374.75,3689.12,31740.42,493226.20,193103.20,63666.35,55210.03,81841.13,49772.17,32646.86,1858.05,507831.73,36162.13,19690,"HA","Hawaiian Airlines Inc.","Hawaiian Airlines Inc.","05375","D",2021,3,
32430.52,-40996.85,303815.12,172.91,35839.14,1067.12,1764.39,32058.55,375401.21,165907.92,53670.04,37765.72,79848.27,28227.05,33191.06,120.28,416398.06,28913.08,20409,"B6","JetBlue Airways","JetBlue Airways","16673","L",2021,2,
33883.38,-63266.44,587887.04,0.00,0.00,0.00,0.00,7526.68,636536.00,307398.44,220672.79,47577.90,33096.73,37772.74,52746.29,0.00,699802.44,44154.10,20304,"OO","SkyWest Airlines Inc.","SkyWest Airlines Inc.","06700","D",2021,2,
34704.36,15499.99,71866.07,0.00,0.00,0.00,0.00,20.74,71886.81,21865.46,19215.57,3965.78,949.65,4927.80,5446.06,16.51,56386.82,42257.73,20046,"ZW","Air Wisconsin Airlines Corp","Air Wisconsin Airlines Corp","06024","D",2021,3,
39806.00,-57393.00,,755933.00,,,1600.00,857014.00,1623814.00,348775.00,127830.00,,163203.00,176287.00,71691.00,760304.00,1681207.00,-28099.00,20107,"FX","Federal Express Corporation","Federal Express Corporation","16197","P",2021,2,
40855.00,16499.00,104118.00,0.00,0.00,0.00,77.00,0.00,104196.00,18334.00,24792.00,7883.00,4282.00,15510.00,16896.00,0.00,87697.00,52689.00,19687,"QX","Horizon Air","Horizon Air","06580","D",2021,1,
41054.46,41066.28,0.00,0.00,0.00,0.00,0.00,0.00,75460.36,23049.36,3404.46,0.00,1693.45,5668.36,576.41,0.00,34394.08,41054.46,20405,"N8","National Air Cargo Group Inc d/ba National Airlines","National Air Cargo Group Inc d/ba National Airline","11049","I",2021,1,
41736.79,71745.48,0.00,152524.34,0.00,0.00,12611.95,0.00,617531.88,291108.96,92481.06,13271.12,64378.63,38891.72,38611.09,248.04,545786.40,63401.45,20007,"5Y","Atlas Air Inc.","Atlas Air Inc.","16087","I",2021,3,
42397.65,20127.64,324774.31,0.00,68887.94,23307.73,26005.75,5371.72,459464.40,189311.24,43276.92,22830.94,73904.96,39823.21,45835.38,0.00,439336.76,53374.64,20368,"G4","Allegiant Air","Allegiant Air","06035","D",2021,3,
43066.05,6043.36,64242.98,20263.62,14003.20,2822.30,782.68,657.55,130367.01,48247.53,14626.72,7106.71,19017.39,16495.20,12078.54,0.00,124323.65,52534.53,20422,"SY","Sun Country Airlines d/b/a MN Airlines","Sun Country Airlines d/b/a MN Airlines","06795","D",2021,2,
43204.82,725.55,0.00,0.00,0.00,0.00,0.00,0.00,112558.54,56399.66,11417.80,10750.06,13488.03,7043.33,12692.97,0.00,111832.99,43204.82,20377,"X9","Omni Air International LLC","Omni Air International LLC","16736","I",2021,2,
44959.78,61253.16,0.00,244650.27,0.00,0.00,11512.65,0.00,256162.92,113246.97,36974.40,0.00,23350.05,10065.42,10937.81,0.00,194909.76,58770.95,19917,"5X","United Parcel Service","United Parcel Service","16911","A",2021,1,
46810.15,56480.89,0.00,57803.24,0.00,0.00,5104.03,0.00,269602.59,93192.01,50366.31,5592.42,29997.83,18337.22,12329.14,110.28,213121.70,54668.63,20007,"5Y","Atlas Air Inc.","Atlas Air Inc.","06087","D",2021,2,
47138.37,32508.04,204850.24,130182.63,3392.39,538.92,92.41,14908.33,373708.85,142292.56,20765.86,40286.52,45951.72,32187.29,31315.45,3730.93,341200.81,59179.48,19977,"UA","United Air Lines Inc.","United Air Lines Inc.","10877","P",2021,3,
47613.04,64314.58,0.00,264112.86,0.00,0.00,12629.38,0.00,276742.24,123093.48,41633.18,0.00,23758.42,11150.28,12446.23,0.00,212427.66,61674.93,19917,"5X","United Parcel Service","United Parcel Service","16911","A",2021,2,
47885.79,-25093.34,222934.60,0.00,0.00,0.00,1131.07,0.00,224065.67,78022.60,86446.57,23456.05,3173.97,25294.35,32765.47,0.00,249159.01,61200.68,20452,"YX","Republic Airline","Republic Airline","06003","D",2021,1,
49169.00,19151.00,110545.00,0.00,0.00,0.00,28.00,0.00,110572.00,18496.00,26661.00,8132.00,5976.00,15439.00,16718.00,0.00,91422.00,62418.00,19687,"QX","Horizon Air","Horizon Air","06580","D",2021,2,
51375.87,-61715.98,817247.66,241934.57,18497.38,2171.04,381.69,28811.35,1115721.11,463370.41,78601.64,147840.54,192701.43,98424.76,117323.68,12723.99,1177437.10,69334.77,19977,"UA","United Air Lines Inc.","United Air Lines Inc.","10874","A",2021,3,
51810.05,64937.77,0.00,66723.85,0.00,0.00,5517.27,0.00,270147.74,95821.66,40475.36,5805.63,28163.31,19067.43,12795.16,108.51,205209.98,61287.55,20007,"5Y","Atlas Air Inc.","Atlas Air Inc.","06087","D",2021,3,
55260.11,-6406.55,0.00,0.00,0.00,0.00,0.00,0.00,100494.23,54338.48,10640.88,10505.97,12170.47,6893.66,12334.31,5.75,106900.77,55260.11,20377,"X9","Omni Air International LLC","Omni Air International LLC","16736","I",2021,1,
58318.20,62813.82,,151415.25,,,,22701.73,430682.81,161442.97,81170.19,,34463.35,11856.53,15627.91,54238.79,367868.99,60549.50,20370,"KAQ","Kalitta Air LLC","Kalitta Air LLC","16683","I",2021,2,
59991.00,-42828.00,383404.00,17015.00,25934.00,2892.00,76077.00,12740.00,519054.00,220185.00,53674.00,44823.00,104745.00,44025.00,49042.00,9976.00,561882.00,70508.00,19790,"DL","Delta Air Lines Inc.","Delta Air Lines Inc.","10260","L",2021,2,
63310.09,51260.59,,125979.52,,,,22110.87,382491.94,142185.23,77839.07,,32543.15,3918.37,15434.53,49066.62,331231.35,63950.56,20370,"KAQ","Kalitta Air LLC","Kalitta Air LLC","16683","I",2021,1,
63842.36,57779.21,465639.50,190.95,52331.56,5927.94,2378.87,35225.95,563615.50,205962.48,69340.61,45977.36,92543.46,31707.73,36237.44,166.26,505836.29,93515.76,20409,"B6","JetBlue Airways","JetBlue Airways","16673","L",2021,3,
65132.94,-58275.24,1185382.03,430.55,117999.17,13366.54,5363.96,79428.80,1403404.55,584931.61,197322.70,128109.08,286990.28,89252.59,103186.03,462.87,1461679.80,95406.20,20409,"B6","JetBlue Airways","JetBlue Airways","06673","D",2021,3,
72820.44,94867.87,0.00,293803.92,0.00,0.00,14831.43,0.00,308635.35,130512.70,36178.53,0.00,23033.37,11477.48,12246.81,0.00,213767.48,92294.60,19917,"5X","United Parcel Service","United Parcel Service","16911","A",2021,3,
76905.67,20697.43,274006.15,0.00,0.00,0.00,7429.26,0.00,281435.41,82651.43,87331.42,29420.68,3256.08,23884.17,34194.20,0.00,260737.99,90836.48,20452,"YX","Republic Airline","Republic Airline","06003","D",2021,2,
78116.84,104981.99,0.00,420969.06,0.00,0.00,382.97,0.00,421404.64,190400.95,56983.32,0.00,34151.56,16027.98,18361.40,0.00,316422.65,101187.62,19917,"5X","United Parcel Service","United Parcel Service","16913","P",2021,2,
86314.73,113425.49,0.00,465300.98,0.00,0.00,396.09,0.00,465755.11,210306.39,62600.20,0.00,36053.33,17965.29,24905.74,0.00,352329.62,109397.64,19917,"5X","United Parcel Service","United Parcel Service","16913","P",2021,3,
90663.12,121887.20,0.00,395377.08,0.00,0.00,326.75,0.00,395760.88,164442.29,47957.20,0.00,31732.65,13678.88,15607.26,0.00,273873.68,118513.88,19917,"5X","United Parcel Service","United Parcel Service","16913","P",2021,1,
97910.47,80454.48,351044.02,0.00,67958.82,17469.25,24548.95,5727.60,471882.78,176737.76,34497.35,22858.69,59092.19,34774.25,43957.76,0.00,391428.30,125454.62,20368,"G4","Allegiant Air","Allegiant Air","06035","D",2021,2,
112868.00,-993014.00,1569058.00,41031.00,9729.00,,364703.00,14759.00,2002938.00,1076890.00,393050.00,195535.00,633088.00,221494.00,305534.00,27150.00,2995952.00,142194.00,19393,"WN","Southwest Airlines Co.","Southwest Airlines Co.","06725","D",2021,1,
117536.00,66396.00,452337.00,14580.00,28721.00,3186.00,76027.00,14825.00,590660.00,182711.00,58874.00,49061.00,105370.00,37977.00,39531.00,11400.00,524264.00,141014.00,19790,"DL","Delta Air Lines Inc.","Delta Air Lines Inc.","10260","L",2021,3,
176316.00,220832.00,1211296.00,23615.00,67515.00,75424.00,34745.00,447844.00,1881289.00,536621.00,125736.00,143731.00,237331.00,91663.00,77302.00,365250.00,1660457.00,225974.00,19930,"AS","Alaska Airlines Inc.","Alaska Airlines Inc.","06031","D",2021,3,
189586.00,107600.00,655936.00,102939.00,25635.00,4033.00,117026.00,2356.00,935453.00,332668.00,73402.00,78653.00,168924.00,60883.00,48444.00,1811.00,827853.00,227225.00,19790,"DL","Delta Air Lines Inc.","Delta Air Lines Inc.","10261","A",2021,3,
312316.00,-33863.00,921711.00,22763.00,58564.00,28680.00,25361.00,379965.00,1456205.00,459301.00,127956.00,119411.00,214687.00,69142.00,75033.00,351467.00,1490068.00,410739.00,19930,"AS","Alaska Airlines Inc.","Alaska Airlines Inc.","06031","D",2021,2,
336752.00,-126213.00,3283584.00,46314.00,14962.00,,507946.00,21042.00,3881342.00,1538616.00,397417.00,355969.00,829588.00,353846.00,309511.00,28788.00,4007555.00,485951.00,19393,"WN","Southwest Airlines Co.","Southwest Airlines Co.","06725","D",2021,2,
360400.54,12481.01,3199315.99,60919.35,185515.61,10173.44,1720.42,1880452.66,5411710.49,1484897.99,426735.31,369676.88,1203728.53,379656.99,362829.58,960360.32,5399229.48,459260.23,19977,"UA","United Air Lines Inc.","United Air Lines Inc.","0A875","D",2021,3,
431315.00,-28628.00,3899941.00,44612.00,16354.00,,529110.00,25264.00,4526607.00,1836217.00,449129.00,431445.00,910605.00,369788.00,312101.00,27977.00,4555235.00,580621.00,19393,"WN","Southwest Airlines Co.","Southwest Airlines Co.","06725","D",2021,3,
553963.67,-395724.00,3191351.00,53982.00,180998.00,13504.00,515787.00,1973255.00,5994807.00,1796060.00,447229.00,430220.00,1005359.00,422559.00,404053.00,1545156.00,6390531.00,654907.67,19790,"DL","Delta Air Lines Inc.","Delta Air Lines Inc.","01260","D",2021,2,
654879.60,-52378.35,4519379.49,37138.49,274986.10,5313.26,531638.75,1743108.58,7118594.12,2135392.33,771669.06,522619.85,809041.14,919088.47,348839.65,1372671.76,7170972.47,722981.48,19805,"AA","American Airlines Inc.","American Airlines Inc.","0A050","D",2021,3,
656547.63,-410253.17,3628455.45,37003.43,262899.02,6651.45,487392.64,1545905.89,5971897.31,1885572.68,674423.77,431990.09,730067.29,867711.43,342299.17,1198672.02,6382150.47,656015.36,19805,"AA","American Airlines Inc.","American Airlines Inc.","0A050","D",2021,2,
861471.85,370605.00,4214869.00,57019.00,210075.00,15598.00,573994.00,2282562.00,7412240.00,1826676.00,598017.00,521054.00,1119087.00,403335.00,400462.00,1755195.00,7041635.00,1110820.85,19790,"DL","Delta Air Lines Inc.","Delta Air Lines Inc.","01260","D",2021,3,
1086243.00,1486051.00,,3030720.00,,,61066.00,3602512.00,6700023.00,793161.00,499372.00,,426103.00,458257.00,208007.00,2810637.00,5213972.00,1449375.00,20107,"FX","Federal Express Corporation","Federal Express Corporation","06200","D",2021,2,
1118261.00,1302169.00,,2959255.00,,,51739.00,3422802.00,6436186.00,773062.00,500881.00,,416937.00,479083.00,213764.00,2738033.00,5134017.00,1132101.00,20107,"FX","Federal Express Corporation","Federal Express Corporation","06200","D",2021,1,
1143225.00,1532869.00,,3055054.00,,,52245.00,3615506.00,6723051.00,859318.00,498302.00,,423545.00,383655.00,210807.00,2798776.00,5190182.00,1439623.00,20107,"FX","Federal Express Corporation","Federal Express Corporation","06200","D",2021,3,
